order_id,product_id,returned
O0,P102,0
O1,P106,1
O2,P102,0
O3,P458,0
O4,P151,0
O5,P257,0
O6,P191,0
O7,P459,1
O8,P235,0
O9,P58,0
O10,P475,0
O11,P445,1
O12,P54,1
O13,P130,0
O14,P20,0
O15,P387,0
O16,P241,0
O17,P385,0
O18,P443,0
O19,P34,0
O20,P49,0
O21,P389,0
O22,P309,0
O23,P217,0
O24,P445,0
O25,P303,1
O26,P189,0
O27,P236,0
O28,P409,0
O29,P379,0
O30,P14,0
O31,P326,0
O32,P491,0
O33,P498,1
O34,P288,1
O35,P230,1
O36,P200,0
O37,P32,0
O38,P292,0
O39,P213,0
O40,P226,0
O41,P4,0
O42,P358,0
O43,P345,1
O44,P351,0
O45,P95,0
O46,P406,0
O47,P170,0
O48,P159,0
O49,P85,0
O50,P44,1
O51,P27,1
O52,P285,1
O53,P347,1
O54,P224,0
O55,P120,1
O56,P358,0
O57,P164,0
O58,P171,0
O59,P159,0
O60,P112,0
O61,P294,0
O62,P112,1
O63,P112,0
O64,P53,0
O65,P384,0
O66,P52,0
O67,P197,1
O68,P438,0
O69,P400,1
O70,P324,1
O71,P469,0
O72,P96,0
O73,P325,1
O74,P147,0
O75,P146,0
O76,P307,1
O77,P337,0
O78,P475,0
O79,P477,0
O80,P251,1
O81,P499,0
O82,P303,0
O83,P36,0
O84,P98,0
O85,P130,0
O86,P119,0
O87,P112,0
O88,P253,1
O89,P472,0
O90,P401,0
O91,P309,0
O92,P168,1
O93,P288,0
O94,P403,1
O95,P400,0
O96,P459,0
O97,P157,0
O98,P50,0
O99,P26,0
O100,P96,0
O101,P146,0
O102,P48,0
O103,P219,0
O104,P5,1
O105,P279,0
O106,P94,0
O107,P115,1
O108,P415,0
O109,P322,0
O110,P489,0
O111,P322,0
O112,P113,1
O113,P449,1
O114,P385,0
O115,P416,1
O116,P175,1
O117,P25,0
O118,P407,1
O119,P390,0
O120,P19,1
O121,P493,1
O122,P370,0
O123,P353,0
O124,P446,0
O125,P185,0
O126,P149,1
O127,P304,1
O128,P270,0
O129,P263,0
O130,P107,0
O131,P261,0
O132,P354,0
O133,P268,0
O134,P157,1
O135,P318,0
O136,P438,0
O137,P116,0
O138,P392,0
O139,P121,1
O140,P95,1
O141,P88,0
O142,P384,0
O143,P191,0
O144,P348,0
O145,P143,0
O146,P284,0
O147,P46,0
O148,P499,0
O149,P217,0
O150,P99,1
O151,P356,0
O152,P245,0
O153,P179,0
O154,P441,1
O155,P324,0
O156,P335,0
O157,P475,1
O158,P339,0
O159,P379,0
O160,P100,0
O161,P416,0
O162,P43,0
O163,P301,0
O164,P241,0
O165,P89,1
O166,P457,0
O167,P390,0
O168,P113,0
O169,P375,0
O170,P248,0
O171,P407,0
O172,P98,0
O173,P150,0
O174,P267,0
O175,P278,0
O176,P285,0
O177,P367,0
O178,P186,1
O179,P395,0
O180,P75,0
O181,P222,0
O182,P366,1
O183,P395,1
O184,P143,0
O185,P180,0
O186,P397,1
O187,P162,0
O188,P330,0
O189,P8,0
O190,P6,0
O191,P169,1
O192,P193,1
O193,P421,0
O194,P364,0
O195,P144,0
O196,P300,0
O197,P251,1
O198,P363,1
O199,P201,1
O200,P125,0
O201,P241,0
O202,P147,0
O203,P360,1
O204,P460,0
O205,P190,0
O206,P421,0
O207,P43,0
O208,P316,0
O209,P373,0
O210,P228,0
O211,P19,0
O212,P304,0
O213,P0,0
O214,P258,0
O215,P223,0
O216,P407,0
O217,P347,0
O218,P185,0
O219,P219,1
O220,P191,0
O221,P416,0
O222,P412,0
O223,P252,0
O224,P255,0
O225,P449,0
O226,P241,1
O227,P288,0
O228,P223,1
O229,P340,0
O230,P341,1
O231,P460,0
O232,P98,0
O233,P475,0
O234,P132,0
O235,P22,0
O236,P201,0
O237,P84,0
O238,P172,0
O239,P448,0
O240,P347,1
O241,P153,1
O242,P117,1
O243,P448,0
O244,P477,0
O245,P400,1
O246,P406,0
O247,P397,1
O248,P102,1
O249,P225,1
O250,P337,0
O251,P434,0
O252,P165,1
O253,P29,0
O254,P80,0
O255,P137,0
O256,P339,1
O257,P261,0
O258,P234,0
O259,P370,0
O260,P182,0
O261,P373,1
O262,P359,0
O263,P194,0
O264,P92,1
O265,P50,0
O266,P465,0
O267,P21,0
O268,P132,0
O269,P45,0
O270,P300,1
O271,P248,1
O272,P238,1
O273,P318,1
O274,P25,0
O275,P112,0
O276,P206,1
O277,P213,0
O278,P77,0
O279,P186,1
O280,P110,1
O281,P238,0
O282,P293,0
O283,P472,0
O284,P38,0
O285,P85,0
O286,P24,0
O287,P24,0
O288,P108,0
O289,P110,0
O290,P263,0
O291,P41,0
O292,P179,1
O293,P442,0
O294,P453,0
O295,P149,0
O296,P111,1
O297,P445,0
O298,P151,0
O299,P386,0
O300,P228,0
O301,P321,0
O302,P3,0
O303,P368,0
O304,P193,0
O305,P25,1
O306,P132,0
O307,P274,0
O308,P112,1
O309,P89,0
O310,P292,0
O311,P355,0
O312,P389,0
O313,P406,1
O314,P12,1
O315,P320,0
O316,P272,0
O317,P418,0
O318,P68,0
O319,P333,0
O320,P75,0
O321,P295,0
O322,P348,0
O323,P228,0
O324,P290,1
O325,P338,0
O326,P61,0
O327,P41,0
O328,P294,0
O329,P178,0
O330,P62,0
O331,P224,1
O332,P103,0
O333,P197,0
O334,P178,0
O335,P499,0
O336,P288,1
O337,P419,0
O338,P96,0
O339,P195,0
O340,P4,0
O341,P117,0
O342,P227,0
O343,P183,0
O344,P260,0
O345,P331,0
O346,P94,0
O347,P291,0
O348,P68,0
O349,P329,0
O350,P199,0
O351,P301,1
O352,P103,0
O353,P480,0
O354,P170,0
O355,P323,0
O356,P126,0
O357,P377,0
O358,P461,1
O359,P266,0
O360,P100,0
O361,P419,0
O362,P318,0
O363,P423,0
O364,P456,1
O365,P435,0
O366,P424,1
O367,P24,1
O368,P385,0
O369,P417,0
O370,P426,0
O371,P178,0
O372,P454,0
O373,P343,0
O374,P62,0
O375,P369,0
O376,P336,1
O377,P147,0
O378,P62,1
O379,P326,0
O380,P477,0
O381,P31,0
O382,P428,0
O383,P423,1
O384,P77,0
O385,P193,1
O386,P221,0
O387,P384,0
O388,P130,1
O389,P466,1
O390,P480,1
O391,P287,0
O392,P320,0
O393,P471,1
O394,P327,0
O395,P228,1
O396,P91,1
O397,P87,0
O398,P301,1
O399,P468,1
O400,P431,0
O401,P262,1
O402,P146,0
O403,P187,1
O404,P302,0
O405,P385,1
O406,P19,0
O407,P255,0
O408,P427,1
O409,P279,0
O410,P119,0
O411,P223,1
O412,P13,1
O413,P236,0
O414,P245,0
O415,P3,0
O416,P97,0
O417,P325,0
O418,P41,0
O419,P33,1
O420,P485,1
O421,P116,1
O422,P26,0
O423,P218,0
O424,P236,0
O425,P409,0
O426,P45,0
O427,P309,1
O428,P180,0
O429,P148,0
O430,P163,0
O431,P231,1
O432,P54,0
O433,P405,0
O434,P249,0
O435,P466,0
O436,P336,0
O437,P449,1
O438,P295,0
O439,P60,0
O440,P24,0
O441,P497,1
O442,P434,0
O443,P11,0
O444,P442,1
O445,P56,1
O446,P317,1
O447,P263,1
O448,P214,0
O449,P24,0
O450,P142,1
O451,P287,0
O452,P400,0
O453,P85,1
O454,P116,0
O455,P175,0
O456,P476,0
O457,P371,0
O458,P13,0
O459,P107,0
O460,P130,0
O461,P473,0
O462,P14,0
O463,P469,0
O464,P15,1
O465,P449,0
O466,P33,0
O467,P268,1
O468,P95,0
O469,P499,1
O470,P235,0
O471,P235,1
O472,P408,0
O473,P64,1
O474,P428,0
O475,P323,1
O476,P431,0
O477,P304,0
O478,P139,1
O479,P484,0
O480,P439,0
O481,P10,0
O482,P152,0
O483,P58,0
O484,P62,0
O485,P365,1
O486,P312,0
O487,P258,0
O488,P260,1
O489,P176,1
O490,P377,0
O491,P489,0
O492,P61,0
O493,P159,0
O494,P380,0
O495,P397,0
O496,P104,0
O497,P475,0
O498,P408,1
O499,P8,1
O500,P260,0
O501,P123,0
O502,P250,0
O503,P401,1
O504,P175,0
O505,P460,0
O506,P300,1
O507,P114,1
O508,P39,1
O509,P460,0
O510,P215,0
O511,P91,0
O512,P303,1
O513,P44,1
O514,P355,0
O515,P187,0
O516,P44,0
O517,P30,1
O518,P436,1
O519,P81,0
O520,P76,0
O521,P449,0
O522,P154,1
O523,P359,1
O524,P447,1
O525,P325,0
O526,P223,0
O527,P59,0
O528,P476,0
O529,P351,1
O530,P218,1
O531,P405,1
O532,P473,1
O533,P269,0
O534,P203,1
O535,P435,1
O536,P394,1
O537,P78,0
O538,P25,0
O539,P3,0
O540,P488,1
O541,P284,0
O542,P287,0
O543,P83,0
O544,P336,0
O545,P91,0
O546,P463,0
O547,P146,0
O548,P379,0
O549,P444,1
O550,P280,0
O551,P270,1
O552,P71,0
O553,P308,0
O554,P173,1
O555,P348,0
O556,P315,0
O557,P152,0
O558,P272,1
O559,P227,0
O560,P443,0
O561,P116,0
O562,P394,0
O563,P71,0
O564,P319,0
O565,P31,0
O566,P288,0
O567,P178,0
O568,P75,1
O569,P462,0
O570,P91,0
O571,P423,1
O572,P352,0
O573,P232,0
O574,P153,1
O575,P165,1
O576,P121,0
O577,P427,1
O578,P316,0
O579,P8,0
O580,P222,0
O581,P203,1
O582,P347,0
O583,P110,0
O584,P83,0
O585,P409,0
O586,P296,0
O587,P458,0
O588,P11,0
O589,P242,0
O590,P237,0
O591,P220,0
O592,P287,0
O593,P453,0
O594,P36,1
O595,P58,0
O596,P34,0
O597,P446,0
O598,P331,0
O599,P158,0
O600,P292,0
O601,P381,0
O602,P176,0
O603,P419,0
O604,P227,0
O605,P419,0
O606,P242,0
O607,P124,0
O608,P17,0
O609,P224,0
O610,P99,0
O611,P427,1
O612,P374,0
O613,P492,0
O614,P315,1
O615,P230,1
O616,P230,0
O617,P344,0
O618,P228,1
O619,P406,0
O620,P9,0
O621,P79,0
O622,P331,0
O623,P132,0
O624,P459,0
O625,P373,0
O626,P106,0
O627,P203,0
O628,P119,0
O629,P366,0
O630,P444,0
O631,P456,1
O632,P281,0
O633,P34,0
O634,P324,0
O635,P11,0
O636,P241,0
O637,P125,0
O638,P284,0
O639,P183,0
O640,P427,0
O641,P383,0
O642,P335,0
O643,P374,0
O644,P263,0
O645,P4,1
O646,P289,0
O647,P217,0
O648,P144,1
O649,P231,0
O650,P327,0
O651,P288,0
O652,P463,0
O653,P68,0
O654,P219,0
O655,P62,0
O656,P88,0
O657,P244,0
O658,P458,0
O659,P101,0
O660,P18,0
O661,P488,1
O662,P330,0
O663,P309,0
O664,P142,0
O665,P198,0
O666,P472,0
O667,P496,0
O668,P266,0
O669,P329,0
O670,P84,0
O671,P449,1
O672,P153,0
O673,P481,0
O674,P299,0
O675,P431,1
O676,P497,0
O677,P106,0
O678,P123,1
O679,P202,1
O680,P276,1
O681,P333,0
O682,P26,0
O683,P290,0
O684,P419,1
O685,P432,0
O686,P344,0
O687,P107,0
O688,P158,1
O689,P425,0
O690,P35,0
O691,P384,0
O692,P46,0
O693,P405,0
O694,P219,0
O695,P270,0
O696,P169,0
O697,P48,0
O698,P67,0
O699,P99,0
O700,P344,0
O701,P480,0
O702,P174,0
O703,P160,0
O704,P149,0
O705,P418,1
O706,P137,0
O707,P440,1
O708,P290,0
O709,P322,0
O710,P424,1
O711,P301,0
O712,P101,0
O713,P108,0
O714,P352,0
O715,P352,1
O716,P486,1
O717,P315,1
O718,P26,0
O719,P229,0
O720,P299,1
O721,P341,0
O722,P171,0
O723,P290,0
O724,P263,0
O725,P35,1
O726,P286,0
O727,P105,1
O728,P54,0
O729,P399,0
O730,P2,0
O731,P278,1
O732,P117,0
O733,P363,0
O734,P148,0
O735,P160,1
O736,P225,0
O737,P480,1
O738,P65,0
O739,P474,0
O740,P179,0
O741,P465,0
O742,P405,0
O743,P315,0
O744,P11,0
O745,P165,1
O746,P215,0
O747,P335,0
O748,P398,1
O749,P346,0
O750,P465,0
O751,P449,1
O752,P288,0
O753,P320,0
O754,P237,0
O755,P116,1
O756,P67,0
O757,P127,0
O758,P30,1
O759,P476,1
O760,P42,0
O761,P150,0
O762,P4,0
O763,P129,0
O764,P252,0
O765,P456,0
O766,P98,1
O767,P189,1
O768,P399,0
O769,P259,1
O770,P100,0
O771,P307,1
O772,P230,0
O773,P115,0
O774,P482,1
O775,P469,0
O776,P85,0
O777,P61,0
O778,P78,0
O779,P313,0
O780,P212,0
O781,P212,0
O782,P172,0
O783,P482,0
O784,P190,0
O785,P182,1
O786,P195,0
O787,P251,0
O788,P232,0
O789,P41,1
O790,P191,0
O791,P424,0
O792,P47,0
O793,P241,0
O794,P283,0
O795,P263,1
O796,P432,1
O797,P172,0
O798,P427,0
O799,P7,1
O800,P86,0
O801,P407,0
O802,P132,0
O803,P313,0
O804,P435,0
O805,P498,0
O806,P441,1
O807,P351,1
O808,P37,0
O809,P222,0
O810,P408,1
O811,P381,1
O812,P168,0
O813,P254,1
O814,P163,1
O815,P257,0
O816,P159,0
O817,P379,0
O818,P270,0
O819,P152,0
O820,P123,1
O821,P499,0
O822,P287,0
O823,P375,0
O824,P221,0
O825,P267,1
O826,P396,0
O827,P301,0
O828,P150,0
O829,P255,0
O830,P344,0
O831,P268,0
O832,P212,0
O833,P94,0
O834,P460,0
O835,P188,0
O836,P190,1
O837,P412,0
O838,P366,0
O839,P110,0
O840,P143,0
O841,P260,0
O842,P223,0
O843,P490,1
O844,P383,0
O845,P410,0
O846,P392,0
O847,P89,1
O848,P208,0
O849,P417,0
O850,P399,0
O851,P69,0
O852,P185,0
O853,P131,1
O854,P226,0
O855,P468,0
O856,P201,0
O857,P56,0
O858,P118,0
O859,P13,0
O860,P335,1
O861,P387,0
O862,P161,0
O863,P158,0
O864,P304,0
O865,P151,0
O866,P313,0
O867,P355,0
O868,P172,1
O869,P112,1
O870,P115,0
O871,P250,0
O872,P117,0
O873,P197,0
O874,P46,0
O875,P77,0
O876,P136,0
O877,P499,0
O878,P258,0
O879,P349,0
O880,P197,0
O881,P402,0
O882,P409,0
O883,P420,0
O884,P73,1
O885,P69,0
O886,P230,0
O887,P312,0
O888,P181,0
O889,P187,0
O890,P151,0
O891,P413,1
O892,P413,1
O893,P162,0
O894,P119,0
O895,P181,0
O896,P204,0
O897,P300,1
O898,P83,0
O899,P440,0
O900,P416,0
O901,P126,0
O902,P202,0
O903,P198,0
O904,P375,0
O905,P164,1
O906,P68,1
O907,P420,0
O908,P370,0
O909,P395,0
O910,P116,0
O911,P288,0
O912,P60,0
O913,P42,0
O914,P16,0
O915,P64,0
O916,P1,0
O917,P65,1
O918,P367,1
O919,P85,0
O920,P423,1
O921,P98,0
O922,P48,1
O923,P276,1
O924,P67,0
O925,P375,0
O926,P213,0
O927,P410,0
O928,P283,0
O929,P247,0
O930,P41,0
O931,P435,1
O932,P177,1
O933,P266,0
O934,P7,0
O935,P484,0
O936,P392,0
O937,P209,1
O938,P453,0
O939,P386,0
O940,P113,0
O941,P416,0
O942,P7,0
O943,P100,1
O944,P31,0
O945,P301,0
O946,P62,0
O947,P268,1
O948,P101,1
O949,P246,0
O950,P24,0
O951,P280,0
O952,P132,0
O953,P476,1
O954,P59,0
O955,P456,0
O956,P469,0
O957,P285,0
O958,P247,0
O959,P468,0
O960,P40,0
O961,P74,0
O962,P383,0
O963,P107,0
O964,P346,0
O965,P380,0
O966,P423,0
O967,P422,0
O968,P123,0
O969,P127,0
O970,P441,0
O971,P142,1
O972,P312,0
O973,P141,0
O974,P354,0
O975,P209,0
O976,P250,0
O977,P375,0
O978,P99,0
O979,P34,0
O980,P333,0
O981,P280,1
O982,P153,0
O983,P431,0
O984,P386,0
O985,P283,0
O986,P205,0
O987,P123,0
O988,P274,0
O989,P436,1
O990,P464,1
O991,P160,0
O992,P141,0
O993,P488,0
O994,P40,0
O995,P263,0
O996,P109,1
O997,P254,0
O998,P61,1
O999,P34,0
O1000,P49,0
O1001,P324,0
O1002,P450,1
O1003,P392,0
O1004,P481,1
O1005,P300,0
O1006,P75,0
O1007,P360,1
O1008,P92,0
O1009,P306,0
O1010,P156,0
O1011,P454,1
O1012,P405,1
O1013,P491,0
O1014,P438,0
O1015,P86,1
O1016,P152,0
O1017,P261,0
O1018,P466,1
O1019,P440,0
O1020,P354,0
O1021,P431,0
O1022,P176,1
O1023,P48,1
O1024,P42,1
O1025,P294,0
O1026,P191,1
O1027,P309,1
O1028,P343,0
O1029,P16,1
O1030,P58,0
O1031,P38,0
O1032,P493,0
O1033,P45,0
O1034,P107,0
O1035,P455,0
O1036,P444,0
O1037,P102,0
O1038,P7,0
O1039,P342,0
O1040,P174,0
O1041,P449,1
O1042,P419,0
O1043,P411,0
O1044,P224,1
O1045,P40,0
O1046,P284,0
O1047,P306,0
O1048,P209,1
O1049,P376,0
O1050,P83,1
O1051,P1,0
O1052,P399,1
O1053,P80,1
O1054,P234,1
O1055,P462,0
O1056,P61,1
O1057,P408,0
O1058,P276,0
O1059,P419,0
O1060,P485,1
O1061,P363,1
O1062,P194,1
O1063,P40,0
O1064,P74,0
O1065,P312,0
O1066,P416,0
O1067,P439,0
O1068,P420,0
O1069,P46,0
O1070,P201,0
O1071,P304,0
O1072,P324,0
O1073,P439,0
O1074,P387,1
O1075,P375,0
O1076,P44,0
O1077,P429,0
O1078,P305,0
O1079,P398,1
O1080,P484,1
O1081,P169,0
O1082,P86,0
O1083,P200,1
O1084,P58,1
O1085,P400,0
O1086,P277,0
O1087,P488,0
O1088,P341,1
O1089,P386,0
O1090,P108,1
O1091,P340,0
O1092,P138,0
O1093,P384,0
O1094,P482,0
O1095,P138,0
O1096,P251,0
O1097,P248,0
O1098,P164,1
O1099,P283,0
O1100,P163,0
O1101,P63,1
O1102,P266,1
O1103,P139,1
O1104,P394,1
O1105,P183,0
O1106,P11,0
O1107,P146,1
O1108,P235,0
O1109,P182,0
O1110,P74,1
O1111,P398,0
O1112,P248,0
O1113,P178,0
O1114,P91,0
O1115,P238,0
O1116,P328,0
O1117,P336,1
O1118,P327,0
O1119,P322,0
O1120,P430,1
O1121,P207,1
O1122,P213,1
O1123,P393,1
O1124,P276,0
O1125,P168,0
O1126,P285,0
O1127,P162,0
O1128,P112,0
O1129,P134,0
O1130,P24,0
O1131,P36,0
O1132,P388,0
O1133,P126,0
O1134,P193,0
O1135,P264,0
O1136,P478,1
O1137,P71,0
O1138,P172,0
O1139,P60,0
O1140,P15,1
O1141,P161,0
O1142,P187,0
O1143,P110,0
O1144,P450,0
O1145,P119,1
O1146,P117,1
O1147,P294,0
O1148,P436,1
O1149,P52,1
O1150,P213,0
O1151,P22,1
O1152,P483,0
O1153,P147,0
O1154,P411,0
O1155,P334,1
O1156,P259,0
O1157,P263,1
O1158,P414,1
O1159,P247,0
O1160,P360,1
O1161,P440,0
O1162,P348,0
O1163,P213,0
O1164,P87,0
O1165,P389,1
O1166,P155,1
O1167,P106,0
O1168,P161,0
O1169,P398,0
O1170,P176,0
O1171,P459,1
O1172,P217,0
O1173,P216,0
O1174,P212,0
O1175,P100,0
O1176,P10,1
O1177,P200,0
O1178,P210,1
O1179,P400,0
O1180,P27,1
O1181,P495,0
O1182,P226,0
O1183,P454,1
O1184,P396,0
O1185,P15,1
O1186,P458,0
O1187,P342,0
O1188,P392,0
O1189,P291,0
O1190,P325,0
O1191,P487,0
O1192,P20,0
O1193,P12,0
O1194,P53,0
O1195,P302,1
O1196,P12,1
O1197,P257,1
O1198,P397,0
O1199,P386,0
O1200,P267,1
O1201,P170,0
O1202,P187,0
O1203,P339,0
O1204,P174,0
O1205,P185,1
O1206,P180,0
O1207,P221,0
O1208,P133,0
O1209,P152,1
O1210,P6,0
O1211,P11,0
O1212,P372,0
O1213,P110,1
O1214,P263,0
O1215,P455,0
O1216,P131,0
O1217,P488,0
O1218,P411,0
O1219,P470,0
O1220,P89,1
O1221,P311,0
O1222,P287,0
O1223,P16,1
O1224,P198,0
O1225,P393,0
O1226,P266,0
O1227,P359,0
O1228,P458,1
O1229,P174,0
O1230,P437,1
O1231,P158,0
O1232,P281,0
O1233,P307,0
O1234,P160,0
O1235,P223,0
O1236,P45,1
O1237,P85,0
O1238,P201,1
O1239,P2,0
O1240,P7,1
O1241,P160,1
O1242,P332,1
O1243,P155,1
O1244,P271,1
O1245,P47,0
O1246,P89,0
O1247,P356,0
O1248,P470,1
O1249,P465,0
O1250,P370,1
O1251,P353,0
O1252,P244,0
O1253,P140,0
O1254,P351,0
O1255,P426,0
O1256,P83,0
O1257,P92,0
O1258,P420,0
O1259,P475,0
O1260,P254,0
O1261,P251,1
O1262,P455,0
O1263,P100,0
O1264,P363,0
O1265,P227,0
O1266,P154,0
O1267,P88,0
O1268,P322,0
O1269,P162,0
O1270,P90,0
O1271,P273,1
O1272,P467,1
O1273,P323,0
O1274,P57,0
O1275,P265,0
O1276,P104,0
O1277,P277,1
O1278,P220,0
O1279,P138,0
O1280,P75,0
O1281,P198,0
O1282,P39,0
O1283,P361,0
O1284,P108,0
O1285,P146,0
O1286,P411,0
O1287,P270,0
O1288,P279,0
O1289,P188,0
O1290,P489,0
O1291,P440,0
O1292,P115,0
O1293,P253,0
O1294,P312,1
O1295,P53,0
O1296,P137,0
O1297,P84,0
O1298,P383,0
O1299,P451,0
O1300,P498,0
O1301,P452,1
O1302,P305,0
O1303,P24,0
O1304,P381,0
O1305,P227,1
O1306,P21,0
O1307,P455,1
O1308,P286,0
O1309,P442,1
O1310,P8,0
O1311,P9,1
O1312,P47,0
O1313,P122,1
O1314,P240,0
O1315,P50,0
O1316,P382,0
O1317,P270,0
O1318,P494,0
O1319,P125,0
O1320,P250,0
O1321,P69,0
O1322,P244,1
O1323,P48,0
O1324,P182,1
O1325,P450,0
O1326,P31,0
O1327,P401,1
O1328,P371,0
O1329,P288,0
O1330,P246,0
O1331,P412,0
O1332,P192,0
O1333,P389,1
O1334,P319,1
O1335,P79,0
O1336,P88,0
O1337,P427,0
O1338,P21,0
O1339,P327,0
O1340,P374,0
O1341,P82,0
O1342,P463,1
O1343,P112,0
O1344,P330,0
O1345,P400,0
O1346,P56,0
O1347,P117,0
O1348,P317,1
O1349,P196,0
O1350,P451,1
O1351,P181,0
O1352,P13,0
O1353,P476,0
O1354,P337,0
O1355,P56,1
O1356,P156,1
O1357,P5,0
O1358,P317,0
O1359,P467,0
O1360,P203,1
O1361,P344,0
O1362,P123,0
O1363,P21,0
O1364,P156,0
O1365,P474,0
O1366,P402,0
O1367,P308,1
O1368,P206,0
O1369,P480,0
O1370,P232,1
O1371,P257,0
O1372,P153,1
O1373,P78,0
O1374,P47,0
O1375,P355,1
O1376,P283,0
O1377,P6,0
O1378,P82,0
O1379,P72,0
O1380,P415,0
O1381,P165,0
O1382,P282,1
O1383,P243,0
O1384,P408,0
O1385,P92,0
O1386,P409,1
O1387,P272,0
O1388,P433,1
O1389,P368,0
O1390,P479,0
O1391,P62,0
O1392,P431,0
O1393,P60,0
O1394,P160,0
O1395,P93,1
O1396,P37,0
O1397,P442,0
O1398,P173,0
O1399,P375,0
O1400,P178,0
O1401,P389,0
O1402,P368,0
O1403,P181,0
O1404,P55,0
O1405,P444,0
O1406,P187,1
O1407,P113,1
O1408,P334,0
O1409,P62,1
O1410,P184,0
O1411,P255,0
O1412,P309,0
O1413,P206,0
O1414,P461,0
O1415,P384,1
O1416,P495,0
O1417,P201,0
O1418,P454,0
O1419,P83,1
O1420,P68,0
O1421,P443,0
O1422,P22,0
O1423,P318,0
O1424,P152,1
O1425,P31,1
O1426,P35,0
O1427,P313,1
O1428,P368,0
O1429,P5,1
O1430,P149,0
O1431,P425,0
O1432,P463,0
O1433,P213,0
O1434,P164,0
O1435,P45,0
O1436,P44,0
O1437,P84,0
O1438,P17,0
O1439,P288,0
O1440,P234,1
O1441,P494,0
O1442,P233,0
O1443,P166,0
O1444,P126,1
O1445,P381,0
O1446,P362,0
O1447,P288,1
O1448,P329,1
O1449,P448,0
O1450,P140,0
O1451,P238,0
O1452,P244,1
O1453,P294,0
O1454,P16,0
O1455,P281,1
O1456,P304,0
O1457,P240,0
O1458,P24,0
O1459,P206,0
O1460,P415,0
O1461,P309,0
O1462,P311,0
O1463,P85,0
O1464,P117,1
O1465,P412,0
O1466,P424,1
O1467,P138,0
O1468,P231,1
O1469,P223,1
O1470,P203,0
O1471,P291,0
O1472,P312,1
O1473,P321,0
O1474,P334,0
O1475,P233,0
O1476,P2,1
O1477,P39,1
O1478,P59,1
O1479,P478,0
O1480,P413,1
O1481,P48,0
O1482,P123,0
O1483,P206,0
O1484,P249,0
O1485,P428,0
O1486,P313,0
O1487,P484,0
O1488,P28,0
O1489,P264,0
O1490,P412,0
O1491,P386,0
O1492,P291,0
O1493,P61,0
O1494,P444,0
O1495,P15,0
O1496,P312,0
O1497,P385,0
O1498,P137,0
O1499,P80,1
O1500,P395,0
O1501,P145,0
O1502,P383,0
O1503,P238,0
O1504,P221,0
O1505,P172,0
O1506,P377,0
O1507,P355,0
O1508,P486,0
O1509,P479,1
O1510,P339,1
O1511,P160,0
O1512,P62,1
O1513,P404,0
O1514,P4,0
O1515,P177,0
O1516,P365,0
O1517,P412,1
O1518,P229,0
O1519,P330,1
O1520,P255,0
O1521,P275,1
O1522,P286,0
O1523,P450,0
O1524,P350,0
O1525,P368,0
O1526,P498,0
O1527,P290,0
O1528,P461,1
O1529,P479,0
O1530,P255,0
O1531,P207,0
O1532,P137,0
O1533,P60,0
O1534,P449,0
O1535,P152,0
O1536,P342,0
O1537,P481,0
O1538,P190,0
O1539,P267,0
O1540,P169,0
O1541,P13,0
O1542,P188,0
O1543,P181,0
O1544,P427,1
O1545,P58,0
O1546,P181,1
O1547,P63,0
O1548,P142,0
O1549,P430,0
O1550,P141,1
O1551,P374,0
O1552,P267,1
O1553,P221,1
O1554,P183,0
O1555,P460,0
O1556,P229,0
O1557,P25,0
O1558,P298,1
O1559,P28,1
O1560,P339,0
O1561,P317,0
O1562,P44,1
O1563,P431,0
O1564,P87,1
O1565,P178,0
O1566,P464,0
O1567,P312,0
O1568,P372,0
O1569,P230,0
O1570,P432,0
O1571,P349,0
O1572,P433,0
O1573,P289,1
O1574,P357,0
O1575,P484,0
O1576,P295,0
O1577,P55,0
O1578,P109,0
O1579,P55,0
O1580,P27,0
O1581,P479,0
O1582,P85,0
O1583,P447,0
O1584,P375,1
O1585,P30,0
O1586,P301,0
O1587,P191,0
O1588,P127,0
O1589,P111,0
O1590,P64,0
O1591,P489,1
O1592,P183,0
O1593,P396,0
O1594,P370,0
O1595,P462,0
O1596,P336,0
O1597,P217,0
O1598,P207,0
O1599,P37,1
O1600,P226,0
O1601,P438,0
O1602,P344,0
O1603,P396,0
O1604,P228,0
O1605,P187,0
O1606,P309,0
O1607,P280,1
O1608,P485,0
O1609,P52,0
O1610,P245,1
O1611,P95,0
O1612,P71,0
O1613,P205,0
O1614,P386,0
O1615,P176,0
O1616,P254,1
O1617,P344,0
O1618,P212,0
O1619,P382,0
O1620,P126,0
O1621,P275,0
O1622,P437,0
O1623,P57,1
O1624,P278,0
O1625,P314,0
O1626,P268,0
O1627,P155,0
O1628,P374,0
O1629,P400,0
O1630,P95,1
O1631,P93,0
O1632,P468,0
O1633,P54,1
O1634,P200,1
O1635,P478,0
O1636,P416,0
O1637,P181,0
O1638,P226,1
O1639,P264,1
O1640,P480,0
O1641,P189,1
O1642,P231,0
O1643,P138,0
O1644,P272,0
O1645,P340,1
O1646,P341,0
O1647,P492,1
O1648,P232,1
O1649,P138,0
O1650,P114,0
O1651,P338,0
O1652,P272,0
O1653,P485,0
O1654,P292,0
O1655,P213,1
O1656,P163,0
O1657,P57,0
O1658,P246,0
O1659,P251,0
O1660,P183,0
O1661,P295,0
O1662,P387,1
O1663,P399,0
O1664,P471,1
O1665,P24,1
O1666,P249,0
O1667,P72,1
O1668,P210,0
O1669,P194,1
O1670,P112,0
O1671,P104,1
O1672,P174,1
O1673,P339,1
O1674,P175,1
O1675,P88,0
O1676,P377,0
O1677,P115,0
O1678,P142,0
O1679,P276,0
O1680,P362,0
O1681,P470,1
O1682,P148,0
O1683,P359,1
O1684,P39,0
O1685,P179,1
O1686,P191,1
O1687,P310,0
O1688,P236,0
O1689,P72,1
O1690,P448,0
O1691,P29,0
O1692,P422,0
O1693,P455,0
O1694,P93,0
O1695,P185,0
O1696,P161,0
O1697,P344,0
O1698,P100,1
O1699,P190,0
O1700,P404,1
O1701,P165,0
O1702,P189,0
O1703,P89,0
O1704,P336,0
O1705,P261,0
O1706,P71,0
O1707,P282,0
O1708,P244,0
O1709,P196,0
O1710,P406,0
O1711,P4,0
O1712,P197,1
O1713,P387,0
O1714,P461,0
O1715,P398,1
O1716,P238,0
O1717,P402,0
O1718,P415,1
O1719,P407,0
O1720,P362,0
O1721,P287,0
O1722,P313,0
O1723,P323,0
O1724,P219,0
O1725,P428,0
O1726,P236,0
O1727,P245,1
O1728,P170,1
O1729,P44,0
O1730,P363,0
O1731,P124,0
O1732,P229,0
O1733,P220,0
O1734,P170,0
O1735,P452,1
O1736,P493,0
O1737,P406,0
O1738,P145,0
O1739,P228,0
O1740,P111,1
O1741,P138,0
O1742,P446,1
O1743,P466,0
O1744,P453,0
O1745,P467,0
O1746,P460,0
O1747,P315,0
O1748,P224,1
O1749,P232,0
O1750,P82,0
O1751,P46,0
O1752,P29,0
O1753,P367,0
O1754,P205,1
O1755,P374,1
O1756,P354,1
O1757,P265,0
O1758,P404,0
O1759,P208,0
O1760,P331,0
O1761,P53,1
O1762,P242,0
O1763,P143,0
O1764,P430,0
O1765,P75,0
O1766,P486,0
O1767,P314,0
O1768,P71,0
O1769,P374,0
O1770,P379,0
O1771,P42,1
O1772,P464,1
O1773,P7,1
O1774,P291,1
O1775,P174,0
O1776,P150,0
O1777,P70,0
O1778,P292,0
O1779,P227,1
O1780,P105,0
O1781,P26,1
O1782,P280,0
O1783,P385,0
O1784,P145,0
O1785,P44,1
O1786,P426,0
O1787,P21,0
O1788,P498,0
O1789,P115,0
O1790,P147,0
O1791,P49,0
O1792,P342,0
O1793,P277,0
O1794,P299,0
O1795,P136,0
O1796,P67,0
O1797,P162,0
O1798,P414,0
O1799,P287,0
O1800,P137,1
O1801,P471,0
O1802,P15,0
O1803,P106,0
O1804,P374,0
O1805,P409,1
O1806,P94,0
O1807,P347,0
O1808,P475,0
O1809,P385,0
O1810,P107,0
O1811,P170,1
O1812,P194,0
O1813,P181,0
O1814,P385,0
O1815,P83,1
O1816,P95,0
O1817,P297,1
O1818,P360,0
O1819,P420,0
O1820,P21,0
O1821,P282,0
O1822,P159,0
O1823,P11,1
O1824,P345,0
O1825,P225,0
O1826,P59,0
O1827,P123,1
O1828,P77,1
O1829,P11,0
O1830,P124,1
O1831,P393,0
O1832,P145,0
O1833,P313,0
O1834,P453,1
O1835,P21,0
O1836,P444,0
O1837,P416,0
O1838,P17,1
O1839,P479,0
O1840,P186,0
O1841,P242,0
O1842,P205,0
O1843,P86,0
O1844,P45,1
O1845,P400,0
O1846,P43,0
O1847,P282,0
O1848,P255,1
O1849,P42,0
O1850,P354,0
O1851,P437,1
O1852,P396,1
O1853,P132,1
O1854,P408,1
O1855,P428,0
O1856,P71,1
O1857,P427,0
O1858,P422,1
O1859,P412,0
O1860,P98,1
O1861,P192,0
O1862,P110,0
O1863,P412,0
O1864,P28,1
O1865,P187,1
O1866,P363,0
O1867,P275,0
O1868,P242,0
O1869,P172,0
O1870,P187,1
O1871,P51,0
O1872,P210,0
O1873,P345,1
O1874,P406,0
O1875,P136,0
O1876,P38,0
O1877,P478,0
O1878,P41,0
O1879,P97,0
O1880,P389,0
O1881,P425,1
O1882,P231,0
O1883,P430,1
O1884,P358,0
O1885,P395,0
O1886,P139,0
O1887,P420,0
O1888,P207,0
O1889,P380,1
O1890,P115,0
O1891,P479,0
O1892,P121,1
O1893,P488,0
O1894,P27,0
O1895,P408,0
O1896,P352,0
O1897,P34,0
O1898,P450,0
O1899,P499,1
O1900,P109,0
O1901,P46,0
O1902,P243,1
O1903,P216,0
O1904,P336,0
O1905,P137,0
O1906,P474,1
O1907,P235,0
O1908,P3,0
O1909,P217,0
O1910,P477,0
O1911,P7,1
O1912,P243,1
O1913,P31,0
O1914,P412,0
O1915,P250,0
O1916,P420,1
O1917,P429,0
O1918,P131,0
O1919,P202,0
O1920,P221,0
O1921,P180,0
O1922,P382,0
O1923,P89,0
O1924,P199,1
O1925,P100,0
O1926,P356,0
O1927,P32,0
O1928,P117,0
O1929,P392,0
O1930,P28,0
O1931,P116,0
O1932,P486,0
O1933,P273,0
O1934,P209,0
O1935,P363,1
O1936,P10,0
O1937,P368,1
O1938,P21,0
O1939,P133,0
O1940,P184,0
O1941,P143,0
O1942,P223,1
O1943,P432,0
O1944,P452,1
O1945,P52,0
O1946,P294,0
O1947,P412,0
O1948,P347,0
O1949,P395,0
O1950,P348,0
O1951,P7,0
O1952,P387,0
O1953,P44,0
O1954,P332,1
O1955,P333,1
O1956,P326,0
O1957,P277,0
O1958,P427,0
O1959,P207,1
O1960,P368,0
O1961,P344,0
O1962,P493,1
O1963,P419,0
O1964,P133,0
O1965,P189,0
O1966,P283,0
O1967,P318,0
O1968,P55,0
O1969,P136,0
O1970,P67,0
O1971,P495,1
O1972,P279,0
O1973,P268,0
O1974,P117,0
O1975,P457,1
O1976,P75,0
O1977,P248,0
O1978,P34,1
O1979,P237,1
O1980,P215,0
O1981,P426,1
O1982,P439,0
O1983,P75,0
O1984,P443,0
O1985,P27,0
O1986,P125,0
O1987,P98,0
O1988,P167,0
O1989,P125,0
O1990,P15,1
O1991,P327,0
O1992,P281,0
O1993,P488,0
O1994,P114,1
O1995,P362,0
O1996,P76,1
O1997,P462,0
O1998,P406,0
O1999,P465,0
O2000,P434,0
O2001,P431,0
O2002,P346,1
O2003,P312,0
O2004,P295,0
O2005,P176,1
O2006,P245,0
O2007,P27,1
O2008,P497,0
O2009,P248,0
O2010,P321,0
O2011,P372,0
O2012,P18,1
O2013,P380,0
O2014,P189,0
O2015,P432,0
O2016,P481,0
O2017,P402,1
O2018,P15,0
O2019,P41,0
O2020,P359,1
O2021,P380,0
O2022,P121,1
O2023,P47,0
O2024,P489,0
O2025,P243,0
O2026,P380,0
O2027,P190,1
O2028,P136,0
O2029,P142,0
O2030,P246,0
O2031,P145,0
O2032,P12,0
O2033,P188,1
O2034,P66,0
O2035,P255,0
O2036,P98,0
O2037,P163,0
O2038,P36,0
O2039,P198,0
O2040,P59,1
O2041,P319,0
O2042,P156,0
O2043,P222,0
O2044,P275,1
O2045,P492,0
O2046,P121,0
O2047,P374,0
O2048,P98,0
O2049,P339,0
O2050,P213,0
O2051,P383,0
O2052,P14,0
O2053,P269,1
O2054,P6,1
O2055,P143,0
O2056,P71,0
O2057,P499,0
O2058,P190,0
O2059,P9,0
O2060,P5,0
O2061,P284,0
O2062,P151,1
O2063,P114,0
O2064,P74,0
O2065,P434,1
O2066,P53,0
O2067,P314,0
O2068,P111,0
O2069,P326,0
O2070,P156,1
O2071,P195,0
O2072,P103,0
O2073,P218,1
O2074,P171,1
O2075,P330,1
O2076,P483,0
O2077,P208,0
O2078,P2,1
O2079,P98,1
O2080,P367,0
O2081,P94,0
O2082,P150,0
O2083,P205,1
O2084,P69,0
O2085,P291,0
O2086,P386,0
O2087,P360,0
O2088,P415,1
O2089,P240,0
O2090,P445,1
O2091,P376,1
O2092,P454,0
O2093,P408,0
O2094,P346,0
O2095,P461,1
O2096,P92,0
O2097,P244,0
O2098,P271,1
O2099,P112,0
O2100,P441,1
O2101,P84,0
O2102,P80,0
O2103,P147,0
O2104,P104,1
O2105,P425,0
O2106,P362,1
O2107,P213,1
O2108,P156,0
O2109,P96,1
O2110,P382,0
O2111,P131,0
O2112,P282,0
O2113,P160,1
O2114,P438,0
O2115,P317,0
O2116,P369,0
O2117,P12,0
O2118,P460,0
O2119,P294,1
O2120,P406,1
O2121,P353,0
O2122,P70,1
O2123,P262,0
O2124,P192,1
O2125,P369,0
O2126,P473,0
O2127,P430,0
O2128,P183,1
O2129,P19,0
O2130,P181,0
O2131,P430,0
O2132,P318,0
O2133,P61,0
O2134,P211,0
O2135,P448,1
O2136,P401,0
O2137,P293,0
O2138,P439,0
O2139,P402,1
O2140,P380,1
O2141,P476,0
O2142,P384,0
O2143,P15,0
O2144,P167,0
O2145,P64,1
O2146,P170,0
O2147,P390,0
O2148,P107,0
O2149,P492,1
O2150,P15,0
O2151,P1,0
O2152,P484,0
O2153,P287,1
O2154,P437,0
O2155,P210,0
O2156,P278,0
O2157,P26,0
O2158,P35,0
O2159,P218,0
O2160,P129,0
O2161,P86,0
O2162,P333,0
O2163,P78,1
O2164,P33,0
O2165,P150,1
O2166,P31,0
O2167,P390,0
O2168,P269,0
O2169,P102,0
O2170,P225,0
O2171,P125,0
O2172,P73,0
O2173,P169,1
O2174,P207,0
O2175,P61,1
O2176,P319,0
O2177,P441,0
O2178,P113,0
O2179,P88,0
O2180,P446,0
O2181,P24,0
O2182,P116,0
O2183,P343,0
O2184,P144,0
O2185,P129,1
O2186,P136,1
O2187,P116,1
O2188,P441,1
O2189,P401,0
O2190,P364,0
O2191,P495,1
O2192,P81,0
O2193,P432,0
O2194,P337,0
O2195,P107,0
O2196,P154,0
O2197,P345,1
O2198,P153,0
O2199,P432,0
O2200,P449,1
O2201,P272,0
O2202,P183,0
O2203,P48,0
O2204,P199,0
O2205,P117,1
O2206,P355,0
O2207,P317,1
O2208,P265,0
O2209,P199,1
O2210,P399,1
O2211,P232,1
O2212,P89,0
O2213,P25,1
O2214,P62,0
O2215,P409,0
O2216,P107,1
O2217,P217,0
O2218,P215,1
O2219,P281,0
O2220,P423,0
O2221,P86,0
O2222,P336,0
O2223,P129,0
O2224,P45,0
O2225,P295,0
O2226,P271,0
O2227,P237,0
O2228,P277,0
O2229,P122,0
O2230,P50,0
O2231,P47,0
O2232,P154,1
O2233,P303,1
O2234,P142,0
O2235,P180,0
O2236,P386,1
O2237,P404,0
O2238,P266,0
O2239,P471,0
O2240,P13,1
O2241,P139,0
O2242,P237,0
O2243,P121,1
O2244,P445,1
O2245,P358,0
O2246,P84,0
O2247,P337,1
O2248,P11,0
O2249,P261,0
O2250,P266,0
O2251,P1,1
O2252,P123,0
O2253,P468,1
O2254,P291,1
O2255,P252,0
O2256,P241,0
O2257,P235,0
O2258,P215,0
O2259,P128,0
O2260,P188,1
O2261,P329,0
O2262,P241,1
O2263,P119,0
O2264,P340,0
O2265,P288,0
O2266,P219,0
O2267,P459,0
O2268,P73,0
O2269,P31,0
O2270,P330,0
O2271,P179,0
O2272,P286,0
O2273,P212,0
O2274,P416,1
O2275,P290,0
O2276,P109,0
O2277,P380,0
O2278,P393,0
O2279,P193,0
O2280,P160,0
O2281,P88,0
O2282,P209,0
O2283,P441,0
O2284,P207,0
O2285,P33,0
O2286,P111,1
O2287,P338,0
O2288,P103,0
O2289,P254,0
O2290,P81,0
O2291,P484,0
O2292,P87,0
O2293,P423,0
O2294,P31,0
O2295,P329,0
O2296,P180,0
O2297,P361,0
O2298,P39,0
O2299,P142,0
O2300,P197,1
O2301,P25,0
O2302,P340,0
O2303,P496,0
O2304,P143,1
O2305,P67,0
O2306,P308,0
O2307,P89,0
O2308,P352,0
O2309,P324,0
O2310,P283,0
O2311,P481,1
O2312,P102,0
O2313,P74,0
O2314,P32,1
O2315,P199,0
O2316,P73,0
O2317,P398,0
O2318,P181,0
O2319,P3,0
O2320,P291,1
O2321,P97,0
O2322,P8,0
O2323,P426,0
O2324,P225,1
O2325,P424,1
O2326,P169,1
O2327,P68,0
O2328,P166,0
O2329,P367,0
O2330,P418,0
O2331,P422,0
O2332,P293,0
O2333,P432,0
O2334,P214,0
O2335,P231,0
O2336,P366,0
O2337,P298,0
O2338,P379,0
O2339,P366,0
O2340,P463,1
O2341,P368,0
O2342,P241,0
O2343,P75,0
O2344,P350,1
O2345,P245,0
O2346,P150,0
O2347,P404,0
O2348,P36,0
O2349,P205,0
O2350,P307,0
O2351,P248,1
O2352,P33,0
O2353,P265,1
O2354,P460,0
O2355,P474,0
O2356,P404,1
O2357,P368,0
O2358,P29,0
O2359,P144,0
O2360,P61,0
O2361,P295,0
O2362,P146,0
O2363,P140,0
O2364,P220,0
O2365,P107,0
O2366,P312,0
O2367,P218,0
O2368,P79,0
O2369,P371,0
O2370,P155,0
O2371,P17,1
O2372,P92,0
O2373,P236,0
O2374,P232,0
O2375,P126,0
O2376,P435,0
O2377,P468,1
O2378,P372,0
O2379,P336,1
O2380,P210,1
O2381,P41,1
O2382,P328,1
O2383,P257,0
O2384,P18,0
O2385,P465,0
O2386,P454,0
O2387,P423,0
O2388,P203,0
O2389,P456,0
O2390,P13,0
O2391,P56,0
O2392,P16,0
O2393,P98,0
O2394,P334,1
O2395,P270,0
O2396,P418,0
O2397,P364,0
O2398,P212,0
O2399,P9,0
O2400,P445,0
O2401,P367,0
O2402,P17,0
O2403,P71,0
O2404,P326,0
O2405,P392,0
O2406,P178,0
O2407,P397,0
O2408,P166,1
O2409,P234,0
O2410,P278,0
O2411,P67,0
O2412,P0,0
O2413,P139,0
O2414,P177,0
O2415,P395,1
O2416,P73,0
O2417,P16,0
O2418,P296,0
O2419,P486,0
O2420,P497,0
O2421,P178,0
O2422,P77,1
O2423,P497,0
O2424,P341,0
O2425,P331,1
O2426,P6,0
O2427,P137,1
O2428,P51,0
O2429,P479,1
O2430,P210,0
O2431,P3,1
O2432,P356,1
O2433,P290,0
O2434,P472,1
O2435,P333,0
O2436,P272,0
O2437,P354,0
O2438,P76,0
O2439,P347,0
O2440,P106,0
O2441,P443,0
O2442,P83,1
O2443,P296,1
O2444,P267,0
O2445,P352,0
O2446,P335,0
O2447,P258,0
O2448,P10,0
O2449,P183,0
O2450,P161,0
O2451,P74,1
O2452,P65,0
O2453,P415,0
O2454,P463,0
O2455,P144,0
O2456,P406,0
O2457,P165,0
O2458,P88,0
O2459,P348,0
O2460,P51,1
O2461,P238,1
O2462,P373,0
O2463,P242,0
O2464,P78,0
O2465,P299,0
O2466,P15,0
O2467,P97,0
O2468,P396,0
O2469,P374,0
O2470,P300,0
O2471,P346,1
O2472,P410,1
O2473,P425,0
O2474,P37,0
O2475,P398,1
O2476,P350,0
O2477,P181,1
O2478,P259,0
O2479,P63,1
O2480,P357,0
O2481,P480,1
O2482,P101,1
O2483,P163,0
O2484,P122,0
O2485,P158,1
O2486,P280,0
O2487,P190,1
O2488,P491,0
O2489,P257,0
O2490,P188,0
O2491,P75,0
O2492,P494,1
O2493,P457,0
O2494,P468,0
O2495,P235,0
O2496,P253,0
O2497,P256,1
O2498,P46,1
O2499,P207,0
O2500,P321,1
O2501,P89,1
O2502,P357,0
O2503,P455,1
O2504,P198,0
O2505,P370,0
O2506,P247,1
O2507,P301,0
O2508,P495,1
O2509,P153,1
O2510,P79,0
O2511,P373,1
O2512,P406,0
O2513,P335,0
O2514,P13,0
O2515,P72,1
O2516,P460,0
O2517,P304,0
O2518,P214,0
O2519,P41,0
O2520,P57,0
O2521,P72,0
O2522,P329,0
O2523,P124,0
O2524,P313,1
O2525,P313,0
O2526,P1,0
O2527,P403,1
O2528,P211,0
O2529,P384,1
O2530,P477,0
O2531,P310,1
O2532,P447,0
O2533,P332,0
O2534,P457,0
O2535,P483,1
O2536,P464,0
O2537,P270,0
O2538,P334,1
O2539,P298,1
O2540,P481,0
O2541,P177,1
O2542,P258,1
O2543,P25,0
O2544,P78,0
O2545,P497,0
O2546,P27,0
O2547,P55,0
O2548,P309,0
O2549,P313,0
O2550,P127,0
O2551,P106,0
O2552,P355,1
O2553,P179,1
O2554,P21,0
O2555,P383,1
O2556,P38,0
O2557,P84,0
O2558,P158,0
O2559,P461,0
O2560,P243,1
O2561,P58,0
O2562,P358,0
O2563,P296,0
O2564,P81,0
O2565,P390,0
O2566,P354,0
O2567,P105,0
O2568,P336,1
O2569,P136,1
O2570,P8,0
O2571,P380,1
O2572,P119,0
O2573,P348,0
O2574,P440,0
O2575,P207,0
O2576,P498,1
O2577,P319,0
O2578,P441,0
O2579,P111,0
O2580,P460,0
O2581,P51,1
O2582,P97,0
O2583,P44,0
O2584,P288,0
O2585,P113,0
O2586,P473,0
O2587,P392,0
O2588,P429,0
O2589,P140,0
O2590,P310,1
O2591,P245,1
O2592,P30,0
O2593,P465,0
O2594,P57,0
O2595,P255,1
O2596,P472,0
O2597,P254,0
O2598,P396,0
O2599,P125,0
O2600,P298,0
O2601,P297,0
O2602,P353,0
O2603,P99,0
O2604,P277,0
O2605,P113,0
O2606,P379,0
O2607,P312,0
O2608,P275,0
O2609,P260,0
O2610,P327,1
O2611,P39,0
O2612,P189,0
O2613,P166,0
O2614,P466,0
O2615,P15,0
O2616,P351,0
O2617,P105,0
O2618,P132,1
O2619,P160,0
O2620,P234,1
O2621,P285,1
O2622,P38,0
O2623,P448,1
O2624,P49,0
O2625,P145,1
O2626,P329,0
O2627,P412,0
O2628,P149,0
O2629,P422,0
O2630,P277,0
O2631,P454,0
O2632,P212,0
O2633,P8,0
O2634,P408,0
O2635,P185,0
O2636,P130,1
O2637,P431,1
O2638,P102,1
O2639,P138,0
O2640,P452,0
O2641,P62,0
O2642,P332,1
O2643,P172,0
O2644,P405,0
O2645,P313,0
O2646,P495,1
O2647,P41,0
O2648,P432,0
O2649,P242,0
O2650,P321,0
O2651,P231,0
O2652,P333,0
O2653,P320,0
O2654,P345,1
O2655,P148,0
O2656,P282,1
O2657,P43,1
O2658,P16,0
O2659,P243,0
O2660,P203,0
O2661,P213,1
O2662,P392,0
O2663,P98,0
O2664,P160,0
O2665,P164,0
O2666,P30,0
O2667,P129,0
O2668,P226,0
O2669,P20,0
O2670,P340,0
O2671,P316,0
O2672,P24,0
O2673,P25,0
O2674,P322,1
O2675,P260,0
O2676,P312,0
O2677,P93,0
O2678,P204,0
O2679,P386,0
O2680,P414,0
O2681,P160,1
O2682,P211,0
O2683,P371,0
O2684,P489,0
O2685,P255,0
O2686,P367,0
O2687,P487,0
O2688,P187,0
O2689,P496,0
O2690,P207,0
O2691,P465,0
O2692,P3,0
O2693,P15,0
O2694,P244,1
O2695,P288,0
O2696,P278,0
O2697,P92,0
O2698,P180,1
O2699,P150,1
O2700,P230,0
O2701,P416,1
O2702,P16,0
O2703,P482,0
O2704,P83,1
O2705,P201,1
O2706,P346,0
O2707,P252,0
O2708,P271,0
O2709,P11,0
O2710,P177,1
O2711,P272,0
O2712,P471,0
O2713,P136,0
O2714,P258,0
O2715,P54,0
O2716,P300,0
O2717,P120,1
O2718,P301,1
O2719,P471,0
O2720,P223,1
O2721,P255,1
O2722,P190,1
O2723,P186,0
O2724,P365,0
O2725,P136,0
O2726,P327,0
O2727,P85,0
O2728,P354,0
O2729,P432,0
O2730,P86,0
O2731,P426,0
O2732,P28,0
O2733,P363,1
O2734,P243,1
O2735,P165,1
O2736,P370,1
O2737,P135,0
O2738,P273,1
O2739,P117,0
O2740,P459,0
O2741,P77,0
O2742,P280,0
O2743,P210,0
O2744,P187,0
O2745,P140,1
O2746,P333,0
O2747,P370,0
O2748,P441,1
O2749,P242,0
O2750,P94,0
O2751,P205,0
O2752,P236,0
O2753,P406,0
O2754,P134,1
O2755,P427,0
O2756,P343,0
O2757,P343,1
O2758,P289,0
O2759,P202,0
O2760,P320,0
O2761,P312,0
O2762,P379,0
O2763,P469,0
O2764,P92,0
O2765,P209,1
O2766,P135,0
O2767,P308,0
O2768,P480,0
O2769,P327,0
O2770,P281,0
O2771,P6,0
O2772,P189,1
O2773,P485,0
O2774,P408,0
O2775,P196,0
O2776,P366,0
O2777,P379,0
O2778,P470,0
O2779,P365,0
O2780,P57,0
O2781,P209,1
O2782,P233,1
O2783,P280,1
O2784,P334,1
O2785,P73,0
O2786,P146,1
O2787,P122,0
O2788,P338,1
O2789,P356,1
O2790,P309,0
O2791,P423,1
O2792,P200,0
O2793,P224,0
O2794,P182,0
O2795,P443,0
O2796,P235,0
O2797,P402,0
O2798,P234,1
O2799,P39,0
O2800,P381,1
O2801,P97,1
O2802,P241,1
O2803,P241,1
O2804,P189,0
O2805,P301,1
O2806,P7,1
O2807,P48,0
O2808,P309,0
O2809,P295,0
O2810,P235,0
O2811,P174,0
O2812,P463,0
O2813,P443,0
O2814,P185,0
O2815,P261,1
O2816,P140,0
O2817,P238,0
O2818,P368,0
O2819,P11,0
O2820,P216,1
O2821,P38,0
O2822,P486,0
O2823,P55,0
O2824,P267,0
O2825,P414,1
O2826,P195,0
O2827,P21,0
O2828,P224,0
O2829,P102,0
O2830,P54,0
O2831,P239,0
O2832,P232,0
O2833,P374,0
O2834,P427,0
O2835,P414,1
O2836,P443,1
O2837,P231,0
O2838,P169,1
O2839,P22,0
O2840,P269,0
O2841,P84,1
O2842,P239,1
O2843,P388,1
O2844,P344,0
O2845,P486,0
O2846,P108,1
O2847,P497,0
O2848,P288,0
O2849,P367,0
O2850,P135,0
O2851,P368,0
O2852,P476,0
O2853,P144,1
O2854,P391,0
O2855,P348,0
O2856,P414,0
O2857,P400,0
O2858,P425,0
O2859,P102,0
O2860,P121,1
O2861,P225,0
O2862,P317,1
O2863,P391,0
O2864,P345,0
O2865,P490,0
O2866,P331,0
O2867,P403,1
O2868,P313,0
O2869,P437,0
O2870,P7,1
O2871,P333,1
O2872,P161,1
O2873,P286,0
O2874,P33,1
O2875,P317,0
O2876,P134,0
O2877,P421,0
O2878,P127,0
O2879,P314,0
O2880,P401,0
O2881,P442,1
O2882,P227,0
O2883,P266,0
O2884,P488,0
O2885,P483,1
O2886,P359,0
O2887,P39,0
O2888,P180,1
O2889,P302,1
O2890,P239,0
O2891,P170,0
O2892,P395,1
O2893,P365,0
O2894,P163,0
O2895,P23,1
O2896,P126,0
O2897,P93,0
O2898,P377,0
O2899,P11,0
O2900,P440,0
O2901,P489,1
O2902,P352,0
O2903,P330,0
O2904,P396,0
O2905,P312,0
O2906,P195,1
O2907,P15,0
O2908,P80,0
O2909,P454,0
O2910,P449,0
O2911,P453,0
O2912,P102,0
O2913,P156,1
O2914,P274,0
O2915,P112,0
O2916,P91,0
O2917,P126,1
O2918,P17,0
O2919,P480,0
O2920,P339,0
O2921,P465,0
O2922,P400,1
O2923,P484,0
O2924,P85,0
O2925,P341,1
O2926,P5,1
O2927,P117,1
O2928,P438,1
O2929,P55,0
O2930,P45,0
O2931,P119,0
O2932,P343,0
O2933,P65,0
O2934,P201,0
O2935,P112,0
O2936,P388,1
O2937,P376,0
O2938,P322,1
O2939,P368,0
O2940,P461,0
O2941,P476,0
O2942,P340,0
O2943,P447,0
O2944,P225,1
O2945,P379,0
O2946,P459,0
O2947,P185,0
O2948,P133,0
O2949,P87,1
O2950,P345,1
O2951,P175,0
O2952,P245,0
O2953,P315,0
O2954,P203,1
O2955,P169,0
O2956,P51,0
O2957,P145,1
O2958,P151,0
O2959,P310,1
O2960,P385,0
O2961,P298,0
O2962,P55,0
O2963,P108,1
O2964,P421,1
O2965,P497,0
O2966,P104,0
O2967,P83,0
O2968,P326,1
O2969,P132,0
O2970,P375,0
O2971,P60,0
O2972,P323,1
O2973,P81,0
O2974,P352,0
O2975,P452,0
O2976,P350,1
O2977,P204,0
O2978,P335,0
O2979,P496,1
O2980,P28,0
O2981,P53,0
O2982,P284,0
O2983,P489,1
O2984,P41,0
O2985,P415,1
O2986,P121,0
O2987,P157,0
O2988,P307,0
O2989,P109,1
O2990,P339,0
O2991,P167,1
O2992,P149,0
O2993,P298,0
O2994,P210,0
O2995,P6,1
O2996,P370,0
O2997,P164,0
O2998,P217,0
O2999,P444,1
O3000,P285,0
O3001,P81,1
O3002,P131,0
O3003,P88,0
O3004,P343,0
O3005,P57,1
O3006,P34,1
O3007,P320,0
O3008,P187,0
O3009,P440,0
O3010,P405,0
O3011,P70,0
O3012,P474,0
O3013,P8,0
O3014,P306,0
O3015,P286,0
O3016,P348,0
O3017,P419,0
O3018,P153,0
O3019,P27,1
O3020,P203,0
O3021,P229,0
O3022,P126,0
O3023,P166,0
O3024,P276,0
O3025,P187,0
O3026,P104,1
O3027,P32,0
O3028,P265,0
O3029,P332,0
O3030,P270,0
O3031,P22,0
O3032,P144,1
O3033,P397,0
O3034,P479,0
O3035,P319,0
O3036,P456,0
O3037,P204,1
O3038,P29,0
O3039,P456,0
O3040,P131,0
O3041,P280,1
O3042,P214,0
O3043,P73,0
O3044,P241,0
O3045,P31,0
O3046,P244,0
O3047,P14,0
O3048,P45,0
O3049,P494,0
O3050,P298,0
O3051,P312,0
O3052,P153,0
O3053,P114,0
O3054,P67,0
O3055,P195,1
O3056,P358,0
O3057,P178,0
O3058,P476,0
O3059,P74,1
O3060,P55,0
O3061,P158,0
O3062,P22,0
O3063,P321,0
O3064,P155,0
O3065,P286,0
O3066,P455,0
O3067,P449,1
O3068,P167,0
O3069,P104,0
O3070,P131,0
O3071,P330,0
O3072,P44,0
O3073,P330,0
O3074,P284,0
O3075,P269,1
O3076,P313,1
O3077,P127,0
O3078,P252,0
O3079,P135,1
O3080,P235,0
O3081,P141,1
O3082,P349,0
O3083,P138,0
O3084,P174,0
O3085,P135,0
O3086,P423,0
O3087,P427,0
O3088,P212,0
O3089,P323,0
O3090,P72,0
O3091,P76,1
O3092,P101,0
O3093,P475,1
O3094,P210,0
O3095,P441,0
O3096,P265,1
O3097,P200,0
O3098,P367,0
O3099,P32,0
O3100,P445,0
O3101,P111,0
O3102,P42,1
O3103,P124,0
O3104,P333,0
O3105,P176,0
O3106,P245,0
O3107,P331,0
O3108,P91,0
O3109,P93,0
O3110,P462,0
O3111,P233,0
O3112,P429,0
O3113,P427,0
O3114,P189,0
O3115,P87,1
O3116,P149,0
O3117,P280,0
O3118,P312,0
O3119,P60,0
O3120,P245,0
O3121,P270,0
O3122,P101,0
O3123,P209,0
O3124,P66,0
O3125,P110,0
O3126,P282,0
O3127,P70,0
O3128,P348,1
O3129,P374,1
O3130,P420,1
O3131,P40,1
O3132,P278,1
O3133,P411,0
O3134,P51,0
O3135,P192,0
O3136,P392,0
O3137,P108,0
O3138,P195,0
O3139,P242,0
O3140,P355,0
O3141,P139,1
O3142,P495,0
O3143,P24,0
O3144,P319,0
O3145,P189,0
O3146,P115,1
O3147,P256,0
O3148,P327,1
O3149,P146,0
O3150,P93,0
O3151,P385,0
O3152,P185,0
O3153,P430,0
O3154,P151,0
O3155,P338,0
O3156,P354,1
O3157,P22,0
O3158,P320,1
O3159,P224,0
O3160,P102,0
O3161,P371,0
O3162,P193,0
O3163,P87,0
O3164,P14,0
O3165,P443,0
O3166,P27,1
O3167,P427,0
O3168,P253,1
O3169,P293,0
O3170,P103,0
O3171,P427,0
O3172,P275,0
O3173,P57,0
O3174,P495,0
O3175,P157,0
O3176,P241,0
O3177,P100,1
O3178,P238,1
O3179,P380,0
O3180,P108,0
O3181,P469,0
O3182,P160,0
O3183,P56,0
O3184,P326,0
O3185,P325,0
O3186,P287,0
O3187,P312,0
O3188,P326,1
O3189,P130,1
O3190,P350,0
O3191,P376,1
O3192,P95,1
O3193,P435,0
O3194,P222,0
O3195,P191,0
O3196,P106,1
O3197,P243,1
O3198,P353,0
O3199,P91,0
O3200,P122,0
O3201,P197,0
O3202,P343,0
O3203,P75,1
O3204,P218,0
O3205,P25,1
O3206,P375,1
O3207,P412,0
O3208,P492,0
O3209,P195,0
O3210,P257,0
O3211,P199,0
O3212,P145,0
O3213,P239,0
O3214,P164,0
O3215,P37,0
O3216,P430,0
O3217,P101,0
O3218,P338,0
O3219,P222,0
O3220,P179,0
O3221,P481,0
O3222,P295,0
O3223,P355,0
O3224,P312,0
O3225,P474,1
O3226,P109,0
O3227,P347,0
O3228,P233,0
O3229,P273,0
O3230,P348,0
O3231,P328,0
O3232,P59,0
O3233,P216,0
O3234,P205,0
O3235,P113,0
O3236,P485,0
O3237,P446,1
O3238,P375,0
O3239,P256,0
O3240,P469,0
O3241,P61,0
O3242,P110,0
O3243,P140,0
O3244,P69,0
O3245,P204,0
O3246,P469,0
O3247,P369,0
O3248,P377,1
O3249,P225,0
O3250,P497,0
O3251,P256,0
O3252,P37,0
O3253,P416,0
O3254,P56,0
O3255,P432,0
O3256,P267,0
O3257,P389,0
O3258,P159,0
O3259,P48,1
O3260,P412,0
O3261,P439,0
O3262,P48,0
O3263,P56,0
O3264,P45,1
O3265,P335,0
O3266,P229,0
O3267,P373,0
O3268,P64,0
O3269,P213,0
O3270,P60,0
O3271,P26,0
O3272,P185,0
O3273,P301,0
O3274,P488,1
O3275,P316,1
O3276,P79,1
O3277,P307,0
O3278,P111,0
O3279,P309,1
O3280,P330,0
O3281,P485,0
O3282,P367,1
O3283,P301,1
O3284,P335,0
O3285,P121,0
O3286,P149,0
O3287,P155,1
O3288,P420,1
O3289,P84,0
O3290,P458,0
O3291,P363,1
O3292,P204,0
O3293,P471,0
O3294,P140,1
O3295,P466,0
O3296,P337,0
O3297,P177,0
O3298,P288,0
O3299,P416,1
O3300,P175,0
O3301,P475,1
O3302,P274,0
O3303,P133,0
O3304,P49,0
O3305,P22,0
O3306,P234,0
O3307,P258,0
O3308,P56,0
O3309,P310,0
O3310,P466,0
O3311,P170,0
O3312,P112,0
O3313,P319,0
O3314,P27,0
O3315,P180,0
O3316,P107,0
O3317,P489,0
O3318,P128,1
O3319,P185,1
O3320,P0,0
O3321,P466,0
O3322,P99,1
O3323,P240,0
O3324,P405,1
O3325,P150,1
O3326,P170,1
O3327,P40,0
O3328,P87,0
O3329,P246,0
O3330,P146,0
O3331,P368,0
O3332,P143,0
O3333,P496,0
O3334,P357,1
O3335,P324,0
O3336,P30,1
O3337,P352,1
O3338,P471,0
O3339,P76,0
O3340,P51,1
O3341,P479,0
O3342,P480,0
O3343,P66,0
O3344,P190,0
O3345,P285,0
O3346,P308,0
O3347,P112,0
O3348,P462,0
O3349,P452,0
O3350,P293,0
O3351,P384,0
O3352,P473,1
O3353,P275,0
O3354,P247,0
O3355,P81,0
O3356,P41,0
O3357,P328,0
O3358,P136,1
O3359,P471,0
O3360,P386,1
O3361,P456,0
O3362,P126,0
O3363,P302,0
O3364,P415,1
O3365,P383,0
O3366,P484,0
O3367,P480,0
O3368,P19,0
O3369,P220,0
O3370,P88,0
O3371,P83,0
O3372,P337,0
O3373,P263,0
O3374,P492,1
O3375,P341,1
O3376,P36,1
O3377,P30,0
O3378,P343,0
O3379,P165,0
O3380,P18,0
O3381,P32,0
O3382,P319,0
O3383,P347,0
O3384,P435,0
O3385,P277,1
O3386,P282,0
O3387,P207,0
O3388,P32,0
O3389,P296,0
O3390,P79,0
O3391,P320,1
O3392,P24,1
O3393,P167,0
O3394,P372,1
O3395,P145,1
O3396,P335,1
O3397,P134,1
O3398,P318,0
O3399,P37,0
O3400,P143,0
O3401,P63,0
O3402,P327,1
O3403,P168,0
O3404,P376,0
O3405,P491,1
O3406,P28,1
O3407,P172,1
O3408,P45,0
O3409,P322,0
O3410,P236,0
O3411,P472,0
O3412,P97,0
O3413,P316,0
O3414,P214,1
O3415,P200,0
O3416,P375,0
O3417,P341,0
O3418,P58,0
O3419,P372,0
O3420,P40,1
O3421,P470,0
O3422,P80,1
O3423,P88,0
O3424,P321,1
O3425,P332,0
O3426,P46,0
O3427,P209,0
O3428,P414,1
O3429,P76,0
O3430,P454,0
O3431,P231,1
O3432,P358,1
O3433,P496,0
O3434,P412,0
O3435,P478,0
O3436,P298,0
O3437,P364,0
O3438,P480,1
O3439,P4,1
O3440,P86,0
O3441,P486,0
O3442,P387,0
O3443,P222,1
O3444,P205,1
O3445,P309,0
O3446,P164,1
O3447,P217,0
O3448,P434,0
O3449,P256,0
O3450,P476,0
O3451,P47,0
O3452,P182,0
O3453,P263,0
O3454,P455,1
O3455,P335,0
O3456,P468,0
O3457,P27,0
O3458,P111,0
O3459,P222,0
O3460,P433,0
O3461,P491,0
O3462,P448,0
O3463,P136,0
O3464,P475,0
O3465,P173,0
O3466,P17,0
O3467,P79,0
O3468,P268,1
O3469,P56,0
O3470,P287,0
O3471,P440,1
O3472,P317,0
O3473,P320,0
O3474,P249,1
O3475,P100,1
O3476,P140,1
O3477,P327,0
O3478,P315,0
O3479,P173,0
O3480,P85,0
O3481,P256,0
O3482,P233,0
O3483,P488,1
O3484,P453,0
O3485,P470,0
O3486,P23,0
O3487,P174,0
O3488,P158,0
O3489,P17,0
O3490,P409,0
O3491,P370,0
O3492,P55,1
O3493,P379,1
O3494,P444,0
O3495,P479,0
O3496,P70,1
O3497,P482,1
O3498,P266,0
O3499,P323,0
O3500,P113,0
O3501,P190,1
O3502,P228,1
O3503,P400,0
O3504,P317,1
O3505,P162,0
O3506,P383,1
O3507,P143,0
O3508,P168,1
O3509,P390,0
O3510,P466,0
O3511,P233,0
O3512,P231,1
O3513,P377,1
O3514,P380,1
O3515,P219,1
O3516,P369,0
O3517,P456,0
O3518,P63,0
O3519,P295,0
O3520,P109,0
O3521,P243,0
O3522,P394,0
O3523,P91,0
O3524,P418,0
O3525,P145,0
O3526,P317,1
O3527,P410,1
O3528,P172,1
O3529,P358,0
O3530,P459,0
O3531,P162,1
O3532,P54,0
O3533,P427,0
O3534,P87,0
O3535,P302,0
O3536,P37,0
O3537,P256,0
O3538,P95,0
O3539,P428,0
O3540,P357,0
O3541,P350,1
O3542,P35,0
O3543,P154,0
O3544,P480,1
O3545,P196,0
O3546,P375,0
O3547,P18,0
O3548,P444,0
O3549,P279,0
O3550,P181,1
O3551,P157,0
O3552,P156,0
O3553,P390,0
O3554,P357,0
O3555,P94,0
O3556,P170,0
O3557,P483,0
O3558,P422,0
O3559,P299,0
O3560,P157,0
O3561,P292,1
O3562,P436,0
O3563,P121,0
O3564,P48,0
O3565,P296,0
O3566,P437,0
O3567,P482,0
O3568,P467,1
O3569,P348,1
O3570,P263,0
O3571,P413,0
O3572,P266,1
O3573,P193,1
O3574,P195,1
O3575,P211,0
O3576,P361,0
O3577,P153,0
O3578,P435,0
O3579,P1,0
O3580,P129,0
O3581,P240,1
O3582,P235,0
O3583,P389,1
O3584,P20,0
O3585,P130,0
O3586,P28,0
O3587,P429,1
O3588,P60,0
O3589,P394,0
O3590,P248,1
O3591,P386,0
O3592,P485,0
O3593,P144,0
O3594,P113,0
O3595,P32,0
O3596,P94,0
O3597,P75,0
O3598,P24,0
O3599,P11,0
O3600,P0,0
O3601,P195,0
O3602,P294,0
O3603,P3,0
O3604,P20,0
O3605,P442,0
O3606,P144,1
O3607,P353,0
O3608,P281,1
O3609,P86,1
O3610,P379,0
O3611,P41,0
O3612,P16,0
O3613,P291,1
O3614,P306,0
O3615,P73,0
O3616,P405,0
O3617,P253,1
O3618,P330,1
O3619,P73,0
O3620,P446,0
O3621,P473,0
O3622,P344,0
O3623,P155,1
O3624,P227,0
O3625,P305,0
O3626,P426,0
O3627,P323,1
O3628,P72,1
O3629,P111,0
O3630,P38,1
O3631,P446,0
O3632,P376,0
O3633,P353,0
O3634,P485,0
O3635,P341,0
O3636,P264,1
O3637,P137,0
O3638,P60,0
O3639,P317,0
O3640,P439,0
O3641,P88,1
O3642,P131,0
O3643,P287,0
O3644,P98,1
O3645,P69,0
O3646,P180,0
O3647,P94,0
O3648,P174,0
O3649,P182,1
O3650,P348,1
O3651,P27,0
O3652,P402,1
O3653,P440,0
O3654,P480,0
O3655,P280,0
O3656,P248,0
O3657,P372,0
O3658,P416,0
O3659,P252,1
O3660,P9,0
O3661,P272,0
O3662,P445,0
O3663,P463,0
O3664,P412,0
O3665,P266,0
O3666,P17,1
O3667,P228,0
O3668,P216,0
O3669,P127,0
O3670,P79,0
O3671,P400,0
O3672,P111,0
O3673,P404,0
O3674,P437,0
O3675,P34,0
O3676,P233,0
O3677,P85,0
O3678,P343,1
O3679,P252,0
O3680,P351,1
O3681,P68,0
O3682,P226,1
O3683,P279,0
O3684,P398,0
O3685,P484,0
O3686,P470,1
O3687,P377,0
O3688,P423,0
O3689,P7,0
O3690,P158,1
O3691,P175,0
O3692,P446,1
O3693,P403,0
O3694,P326,0
O3695,P333,0
O3696,P92,1
O3697,P329,0
O3698,P272,1
O3699,P417,0
O3700,P143,0
O3701,P113,0
O3702,P203,0
O3703,P12,1
O3704,P457,1
O3705,P91,1
O3706,P252,0
O3707,P354,0
O3708,P385,0
O3709,P358,1
O3710,P127,0
O3711,P459,0
O3712,P293,0
O3713,P414,0
O3714,P169,1
O3715,P140,0
O3716,P121,0
O3717,P310,0
O3718,P62,0
O3719,P472,0
O3720,P8,0
O3721,P338,1
O3722,P491,1
O3723,P358,0
O3724,P68,0
O3725,P169,1
O3726,P259,0
O3727,P340,0
O3728,P303,0
O3729,P463,0
O3730,P416,0
O3731,P107,1
O3732,P107,0
O3733,P115,0
O3734,P80,0
O3735,P402,0
O3736,P156,0
O3737,P248,1
O3738,P399,1
O3739,P420,0
O3740,P424,1
O3741,P70,1
O3742,P307,1
O3743,P206,0
O3744,P157,0
O3745,P282,0
O3746,P71,0
O3747,P44,0
O3748,P176,0
O3749,P171,1
O3750,P280,1
O3751,P134,1
O3752,P82,0
O3753,P250,0
O3754,P220,0
O3755,P324,0
O3756,P44,0
O3757,P156,0
O3758,P36,0
O3759,P491,1
O3760,P195,0
O3761,P34,0
O3762,P89,0
O3763,P255,0
O3764,P130,0
O3765,P141,0
O3766,P110,0
O3767,P483,0
O3768,P4,0
O3769,P256,0
O3770,P10,0
O3771,P423,1
O3772,P492,0
O3773,P254,0
O3774,P206,0
O3775,P44,1
O3776,P233,1
O3777,P224,0
O3778,P175,0
O3779,P134,1
O3780,P382,0
O3781,P456,0
O3782,P184,0
O3783,P143,1
O3784,P222,1
O3785,P269,0
O3786,P308,0
O3787,P335,0
O3788,P299,0
O3789,P403,1
O3790,P442,0
O3791,P352,0
O3792,P469,0
O3793,P8,0
O3794,P12,0
O3795,P326,0
O3796,P371,0
O3797,P381,0
O3798,P161,0
O3799,P160,0
O3800,P306,0
O3801,P463,1
O3802,P122,1
O3803,P272,1
O3804,P407,0
O3805,P50,1
O3806,P326,0
O3807,P235,0
O3808,P337,0
O3809,P460,0
O3810,P118,0
O3811,P454,0
O3812,P474,0
O3813,P148,0
O3814,P142,0
O3815,P292,0
O3816,P91,0
O3817,P83,1
O3818,P407,1
O3819,P285,0
O3820,P6,0
O3821,P51,0
O3822,P239,1
O3823,P362,0
O3824,P270,0
O3825,P463,0
O3826,P195,0
O3827,P308,0
O3828,P180,1
O3829,P362,0
O3830,P425,0
O3831,P458,1
O3832,P40,1
O3833,P493,0
O3834,P197,0
O3835,P107,0
O3836,P25,1
O3837,P328,0
O3838,P48,1
O3839,P406,0
O3840,P324,0
O3841,P210,0
O3842,P259,0
O3843,P442,0
O3844,P164,0
O3845,P373,0
O3846,P414,1
O3847,P265,0
O3848,P405,0
O3849,P329,0
O3850,P86,0
O3851,P313,0
O3852,P139,0
O3853,P270,1
O3854,P59,0
O3855,P258,0
O3856,P59,0
O3857,P88,0
O3858,P274,0
O3859,P277,1
O3860,P236,1
O3861,P194,0
O3862,P110,0
O3863,P332,0
O3864,P12,0
O3865,P292,0
O3866,P59,0
O3867,P394,0
O3868,P43,0
O3869,P280,0
O3870,P371,0
O3871,P108,0
O3872,P389,0
O3873,P499,1
O3874,P9,0
O3875,P270,0
O3876,P45,0
O3877,P265,1
O3878,P321,0
O3879,P463,0
O3880,P155,0
O3881,P484,0
O3882,P332,1
O3883,P466,0
O3884,P374,1
O3885,P352,1
O3886,P352,1
O3887,P155,0
O3888,P89,0
O3889,P467,0
O3890,P347,1
O3891,P101,0
O3892,P164,0
O3893,P334,0
O3894,P423,0
O3895,P59,1
O3896,P116,0
O3897,P455,1
O3898,P475,0
O3899,P336,1
O3900,P224,0
O3901,P11,0
O3902,P243,1
O3903,P187,0
O3904,P199,1
O3905,P447,0
O3906,P70,0
O3907,P376,0
O3908,P212,0
O3909,P301,0
O3910,P60,0
O3911,P307,0
O3912,P248,0
O3913,P171,1
O3914,P474,1
O3915,P101,0
O3916,P469,0
O3917,P20,0
O3918,P376,0
O3919,P404,1
O3920,P84,1
O3921,P478,0
O3922,P341,1
O3923,P5,0
O3924,P260,1
O3925,P269,0
O3926,P51,0
O3927,P364,0
O3928,P391,0
O3929,P418,0
O3930,P351,1
O3931,P272,0
O3932,P223,0
O3933,P111,0
O3934,P110,0
O3935,P92,0
O3936,P231,0
O3937,P49,0
O3938,P87,0
O3939,P424,0
O3940,P207,1
O3941,P70,1
O3942,P171,0
O3943,P275,0
O3944,P239,0
O3945,P69,0
O3946,P214,0
O3947,P335,0
O3948,P316,0
O3949,P308,0
O3950,P26,0
O3951,P382,1
O3952,P332,1
O3953,P244,0
O3954,P140,0
O3955,P124,1
O3956,P99,1
O3957,P169,0
O3958,P31,0
O3959,P176,0
O3960,P144,0
O3961,P461,0
O3962,P18,0
O3963,P232,0
O3964,P281,0
O3965,P45,1
O3966,P318,0
O3967,P380,0
O3968,P418,0
O3969,P174,0
O3970,P58,1
O3971,P233,0
O3972,P140,0
O3973,P361,0
O3974,P445,0
O3975,P441,1
O3976,P107,0
O3977,P319,0
O3978,P31,0
O3979,P360,0
O3980,P86,1
O3981,P440,1
O3982,P250,0
O3983,P370,0
O3984,P284,1
O3985,P485,1
O3986,P310,0
O3987,P233,0
O3988,P94,0
O3989,P479,1
O3990,P146,0
O3991,P94,0
O3992,P271,1
O3993,P496,0
O3994,P133,0
O3995,P315,0
O3996,P102,0
O3997,P383,0
O3998,P39,0
O3999,P103,0
O4000,P462,0
O4001,P482,1
O4002,P39,1
O4003,P132,0
O4004,P83,0
O4005,P342,0
O4006,P165,0
O4007,P169,0
O4008,P177,0
O4009,P222,0
O4010,P249,0
O4011,P112,0
O4012,P495,0
O4013,P342,0
O4014,P270,0
O4015,P348,0
O4016,P491,1
O4017,P76,1
O4018,P200,0
O4019,P10,0
O4020,P379,0
O4021,P171,0
O4022,P272,0
O4023,P131,1
O4024,P331,0
O4025,P272,1
O4026,P479,0
O4027,P60,0
O4028,P33,0
O4029,P496,0
O4030,P314,0
O4031,P101,0
O4032,P56,0
O4033,P410,1
O4034,P352,0
O4035,P406,1
O4036,P50,1
O4037,P83,1
O4038,P56,0
O4039,P165,0
O4040,P252,1
O4041,P25,0
O4042,P264,0
O4043,P236,0
O4044,P149,0
O4045,P223,0
O4046,P277,0
O4047,P171,0
O4048,P468,1
O4049,P33,0
O4050,P182,1
O4051,P461,0
O4052,P80,1
O4053,P406,0
O4054,P98,1
O4055,P191,0
O4056,P359,1
O4057,P140,0
O4058,P264,1
O4059,P474,1
O4060,P341,0
O4061,P454,0
O4062,P206,1
O4063,P140,0
O4064,P428,1
O4065,P302,0
O4066,P443,0
O4067,P151,1
O4068,P276,0
O4069,P110,1
O4070,P56,0
O4071,P161,0
O4072,P350,0
O4073,P150,0
O4074,P400,0
O4075,P68,0
O4076,P246,0
O4077,P102,0
O4078,P410,1
O4079,P299,0
O4080,P107,0
O4081,P221,0
O4082,P159,0
O4083,P266,0
O4084,P54,0
O4085,P67,0
O4086,P429,0
O4087,P411,0
O4088,P182,1
O4089,P26,0
O4090,P201,0
O4091,P457,0
O4092,P101,0
O4093,P360,1
O4094,P321,0
O4095,P41,0
O4096,P172,0
O4097,P46,0
O4098,P123,0
O4099,P453,0
O4100,P39,0
O4101,P92,0
O4102,P64,0
O4103,P134,0
O4104,P61,0
O4105,P19,0
O4106,P306,1
O4107,P431,0
O4108,P414,1
O4109,P208,0
O4110,P317,0
O4111,P68,0
O4112,P88,0
O4113,P227,0
O4114,P283,0
O4115,P154,0
O4116,P435,1
O4117,P480,0
O4118,P454,0
O4119,P130,0
O4120,P66,0
O4121,P226,0
O4122,P488,0
O4123,P287,1
O4124,P23,1
O4125,P167,0
O4126,P189,0
O4127,P32,1
O4128,P181,0
O4129,P69,0
O4130,P408,0
O4131,P83,0
O4132,P194,0
O4133,P133,0
O4134,P154,0
O4135,P369,0
O4136,P46,0
O4137,P443,0
O4138,P276,0
O4139,P315,0
O4140,P110,0
O4141,P89,0
O4142,P26,0
O4143,P371,1
O4144,P442,1
O4145,P119,0
O4146,P10,0
O4147,P319,0
O4148,P409,0
O4149,P382,1
O4150,P55,0
O4151,P47,0
O4152,P419,0
O4153,P483,0
O4154,P317,0
O4155,P232,0
O4156,P55,0
O4157,P113,1
O4158,P465,1
O4159,P334,0
O4160,P325,0
O4161,P459,0
O4162,P158,0
O4163,P71,0
O4164,P95,0
O4165,P395,0
O4166,P106,0
O4167,P293,0
O4168,P297,0
O4169,P439,0
O4170,P442,0
O4171,P145,1
O4172,P321,0
O4173,P218,0
O4174,P69,1
O4175,P141,1
O4176,P302,0
O4177,P284,1
O4178,P388,0
O4179,P116,0
O4180,P426,0
O4181,P442,0
O4182,P130,0
O4183,P474,0
O4184,P180,0
O4185,P367,0
O4186,P382,0
O4187,P155,0
O4188,P186,0
O4189,P249,0
O4190,P422,1
O4191,P340,1
O4192,P59,0
O4193,P52,0
O4194,P475,0
O4195,P41,0
O4196,P203,0
O4197,P42,0
O4198,P209,0
O4199,P48,0
O4200,P166,1
O4201,P70,0
O4202,P66,0
O4203,P454,1
O4204,P100,0
O4205,P90,0
O4206,P248,0
O4207,P150,0
O4208,P258,0
O4209,P190,0
O4210,P469,0
O4211,P404,0
O4212,P229,0
O4213,P440,0
O4214,P134,0
O4215,P268,1
O4216,P93,0
O4217,P326,0
O4218,P481,0
O4219,P268,0
O4220,P315,0
O4221,P495,0
O4222,P388,1
O4223,P458,1
O4224,P428,0
O4225,P303,0
O4226,P365,0
O4227,P431,0
O4228,P302,0
O4229,P153,0
O4230,P179,0
O4231,P167,0
O4232,P90,0
O4233,P265,1
O4234,P218,0
O4235,P497,0
O4236,P131,0
O4237,P496,1
O4238,P300,0
O4239,P236,0
O4240,P484,0
O4241,P480,0
O4242,P207,1
O4243,P50,0
O4244,P300,0
O4245,P151,1
O4246,P460,0
O4247,P342,0
O4248,P499,0
O4249,P355,1
O4250,P238,0
O4251,P219,0
O4252,P385,0
O4253,P404,0
O4254,P53,0
O4255,P164,0
O4256,P6,1
O4257,P450,0
O4258,P170,0
O4259,P81,0
O4260,P444,0
O4261,P28,1
O4262,P268,0
O4263,P447,0
O4264,P347,0
O4265,P155,0
O4266,P56,0
O4267,P179,0
O4268,P74,1
O4269,P74,1
O4270,P264,0
O4271,P220,1
O4272,P454,0
O4273,P253,0
O4274,P388,0
O4275,P105,0
O4276,P46,0
O4277,P285,0
O4278,P92,0
O4279,P132,0
O4280,P78,0
O4281,P158,0
O4282,P445,0
O4283,P288,0
O4284,P192,0
O4285,P384,0
O4286,P64,1
O4287,P149,0
O4288,P208,0
O4289,P185,1
O4290,P133,0
O4291,P212,0
O4292,P59,0
O4293,P67,1
O4294,P73,0
O4295,P367,0
O4296,P236,0
O4297,P148,0
O4298,P75,0
O4299,P279,0
O4300,P486,0
O4301,P387,1
O4302,P166,1
O4303,P244,0
O4304,P192,1
O4305,P61,0
O4306,P279,0
O4307,P430,0
O4308,P12,1
O4309,P397,1
O4310,P323,0
O4311,P100,1
O4312,P44,0
O4313,P258,1
O4314,P466,1
O4315,P279,0
O4316,P201,0
O4317,P261,0
O4318,P375,0
O4319,P220,0
O4320,P391,0
O4321,P462,1
O4322,P174,0
O4323,P450,0
O4324,P72,1
O4325,P386,1
O4326,P496,0
O4327,P416,1
O4328,P338,0
O4329,P281,1
O4330,P375,0
O4331,P413,0
O4332,P49,0
O4333,P336,0
O4334,P12,0
O4335,P174,0
O4336,P240,0
O4337,P396,1
O4338,P212,0
O4339,P39,0
O4340,P234,0
O4341,P416,0
O4342,P375,1
O4343,P463,1
O4344,P237,0
O4345,P493,0
O4346,P400,1
O4347,P185,0
O4348,P5,1
O4349,P326,0
O4350,P299,1
O4351,P329,0
O4352,P109,0
O4353,P487,1
O4354,P143,0
O4355,P74,0
O4356,P447,0
O4357,P274,0
O4358,P170,0
O4359,P386,0
O4360,P37,0
O4361,P222,0
O4362,P190,1
O4363,P333,0
O4364,P198,0
O4365,P387,0
O4366,P43,0
O4367,P203,0
O4368,P16,0
O4369,P436,0
O4370,P392,0
O4371,P398,0
O4372,P7,0
O4373,P403,0
O4374,P497,0
O4375,P312,0
O4376,P326,0
O4377,P397,1
O4378,P378,0
O4379,P427,0
O4380,P108,0
O4381,P403,0
O4382,P287,0
O4383,P136,0
O4384,P321,1
O4385,P29,0
O4386,P0,1
O4387,P482,0
O4388,P200,0
O4389,P113,0
O4390,P280,0
O4391,P140,0
O4392,P419,0
O4393,P71,0
O4394,P105,1
O4395,P203,1
O4396,P259,0
O4397,P95,0
O4398,P381,0
O4399,P402,0
O4400,P17,0
O4401,P15,0
O4402,P55,0
O4403,P192,0
O4404,P372,1
O4405,P320,0
O4406,P31,1
O4407,P185,0
O4408,P62,0
O4409,P372,0
O4410,P182,0
O4411,P219,0
O4412,P244,0
O4413,P46,0
O4414,P129,0
O4415,P118,0
O4416,P416,0
O4417,P381,0
O4418,P36,0
O4419,P396,0
O4420,P441,0
O4421,P421,1
O4422,P460,0
O4423,P441,0
O4424,P193,0
O4425,P101,0
O4426,P431,0
O4427,P140,0
O4428,P422,0
O4429,P303,1
O4430,P273,0
O4431,P79,0
O4432,P441,0
O4433,P360,1
O4434,P174,0
O4435,P244,0
O4436,P485,0
O4437,P309,1
O4438,P83,1
O4439,P272,0
O4440,P466,1
O4441,P481,1
O4442,P272,0
O4443,P303,0
O4444,P112,0
O4445,P440,1
O4446,P15,0
O4447,P0,1
O4448,P419,0
O4449,P358,0
O4450,P443,0
O4451,P472,0
O4452,P239,1
O4453,P395,1
O4454,P279,1
O4455,P403,0
O4456,P67,0
O4457,P305,0
O4458,P93,0
O4459,P281,0
O4460,P375,0
O4461,P201,0
O4462,P210,1
O4463,P410,0
O4464,P279,0
O4465,P116,0
O4466,P324,0
O4467,P426,0
O4468,P104,1
O4469,P353,1
O4470,P469,1
O4471,P279,1
O4472,P422,0
O4473,P175,0
O4474,P46,0
O4475,P120,0
O4476,P41,0
O4477,P379,0
O4478,P440,0
O4479,P188,0
O4480,P351,0
O4481,P13,0
O4482,P158,0
O4483,P336,0
O4484,P47,0
O4485,P131,0
O4486,P417,0
O4487,P119,0
O4488,P244,1
O4489,P393,0
O4490,P7,0
O4491,P289,0
O4492,P86,0
O4493,P405,1
O4494,P319,0
O4495,P480,0
O4496,P106,0
O4497,P285,0
O4498,P188,0
O4499,P66,0
O4500,P327,0
O4501,P199,0
O4502,P306,0
O4503,P76,0
O4504,P310,0
O4505,P163,0
O4506,P239,0
O4507,P251,0
O4508,P71,0
O4509,P140,1
O4510,P268,0
O4511,P302,0
O4512,P164,0
O4513,P13,0
O4514,P438,0
O4515,P282,0
O4516,P224,0
O4517,P408,1
O4518,P94,0
O4519,P389,0
O4520,P275,1
O4521,P38,0
O4522,P363,1
O4523,P179,0
O4524,P446,1
O4525,P336,0
O4526,P97,0
O4527,P181,1
O4528,P435,0
O4529,P66,0
O4530,P80,0
O4531,P342,0
O4532,P321,0
O4533,P255,0
O4534,P475,0
O4535,P463,0
O4536,P382,0
O4537,P183,0
O4538,P488,0
O4539,P209,0
O4540,P374,0
O4541,P491,0
O4542,P45,0
O4543,P6,0
O4544,P135,0
O4545,P396,1
O4546,P415,0
O4547,P119,0
O4548,P276,0
O4549,P52,1
O4550,P71,1
O4551,P399,0
O4552,P98,0
O4553,P47,1
O4554,P176,0
O4555,P321,0
O4556,P24,0
O4557,P456,0
O4558,P206,1
O4559,P454,1
O4560,P293,0
O4561,P38,0
O4562,P134,1
O4563,P451,0
O4564,P35,0
O4565,P360,1
O4566,P367,0
O4567,P7,0
O4568,P243,0
O4569,P274,1
O4570,P434,0
O4571,P371,0
O4572,P452,0
O4573,P138,1
O4574,P471,1
O4575,P302,0
O4576,P221,0
O4577,P156,0
O4578,P339,1
O4579,P78,0
O4580,P356,1
O4581,P341,0
O4582,P232,1
O4583,P492,1
O4584,P179,0
O4585,P282,1
O4586,P389,0
O4587,P82,0
O4588,P64,0
O4589,P427,0
O4590,P35,0
O4591,P158,0
O4592,P154,0
O4593,P321,0
O4594,P279,0
O4595,P353,0
O4596,P246,0
O4597,P202,0
O4598,P355,0
O4599,P480,0
O4600,P325,0
O4601,P190,1
O4602,P249,1
O4603,P474,0
O4604,P441,1
O4605,P27,1
O4606,P233,1
O4607,P347,0
O4608,P182,1
O4609,P408,0
O4610,P324,0
O4611,P157,0
O4612,P266,0
O4613,P332,0
O4614,P246,0
O4615,P405,0
O4616,P223,1
O4617,P450,1
O4618,P316,0
O4619,P306,1
O4620,P12,1
O4621,P496,1
O4622,P308,0
O4623,P279,0
O4624,P254,1
O4625,P53,0
O4626,P77,0
O4627,P443,0
O4628,P192,0
O4629,P145,0
O4630,P140,0
O4631,P338,0
O4632,P280,1
O4633,P75,1
O4634,P285,0
O4635,P296,1
O4636,P163,0
O4637,P343,0
O4638,P269,1
O4639,P67,1
O4640,P378,1
O4641,P24,0
O4642,P373,1
O4643,P421,0
O4644,P413,0
O4645,P487,0
O4646,P37,0
O4647,P99,0
O4648,P91,1
O4649,P168,0
O4650,P386,0
O4651,P13,0
O4652,P153,0
O4653,P290,1
O4654,P170,0
O4655,P367,0
O4656,P212,1
O4657,P246,0
O4658,P372,0
O4659,P491,0
O4660,P168,0
O4661,P151,0
O4662,P43,0
O4663,P330,1
O4664,P123,1
O4665,P39,0
O4666,P486,0
O4667,P243,1
O4668,P35,0
O4669,P22,0
O4670,P418,0
O4671,P227,1
O4672,P488,0
O4673,P499,0
O4674,P113,0
O4675,P227,1
O4676,P152,0
O4677,P161,1
O4678,P291,0
O4679,P121,0
O4680,P261,0
O4681,P349,0
O4682,P424,1
O4683,P145,0
O4684,P108,1
O4685,P221,0
O4686,P412,0
O4687,P460,0
O4688,P72,0
O4689,P53,1
O4690,P160,0
O4691,P289,0
O4692,P174,0
O4693,P338,0
O4694,P345,0
O4695,P282,1
O4696,P480,0
O4697,P170,0
O4698,P362,0
O4699,P169,1
O4700,P153,0
O4701,P499,0
O4702,P356,0
O4703,P334,0
O4704,P172,0
O4705,P445,0
O4706,P309,1
O4707,P215,0
O4708,P54,1
O4709,P183,0
O4710,P176,0
O4711,P166,0
O4712,P439,0
O4713,P411,1
O4714,P295,0
O4715,P37,0
O4716,P319,0
O4717,P189,1
O4718,P29,0
O4719,P59,1
O4720,P401,0
O4721,P229,0
O4722,P488,0
O4723,P374,0
O4724,P139,0
O4725,P467,0
O4726,P254,1
O4727,P245,1
O4728,P365,0
O4729,P218,0
O4730,P26,0
O4731,P347,0
O4732,P147,0
O4733,P185,1
O4734,P428,0
O4735,P204,0
O4736,P31,0
O4737,P293,0
O4738,P276,0
O4739,P119,0
O4740,P47,0
O4741,P160,0
O4742,P456,0
O4743,P292,1
O4744,P372,0
O4745,P494,0
O4746,P178,0
O4747,P200,0
O4748,P213,0
O4749,P355,1
O4750,P327,0
O4751,P49,0
O4752,P42,0
O4753,P309,0
O4754,P310,1
O4755,P346,1
O4756,P106,0
O4757,P215,1
O4758,P319,0
O4759,P195,1
O4760,P263,0
O4761,P270,1
O4762,P341,1
O4763,P209,0
O4764,P255,0
O4765,P196,1
O4766,P248,1
O4767,P286,0
O4768,P320,0
O4769,P199,0
O4770,P27,0
O4771,P40,0
O4772,P177,0
O4773,P417,1
O4774,P238,0
O4775,P356,1
O4776,P307,0
O4777,P25,0
O4778,P345,0
O4779,P244,0
O4780,P204,0
O4781,P201,0
O4782,P85,0
O4783,P26,0
O4784,P83,0
O4785,P262,0
O4786,P83,1
O4787,P453,1
O4788,P358,0
O4789,P464,0
O4790,P61,0
O4791,P145,1
O4792,P315,0
O4793,P346,0
O4794,P244,0
O4795,P223,0
O4796,P365,0
O4797,P35,1
O4798,P198,0
O4799,P68,0
O4800,P161,0
O4801,P229,0
O4802,P409,1
O4803,P205,0
O4804,P238,1
O4805,P333,0
O4806,P188,0
O4807,P122,1
O4808,P475,0
O4809,P126,1
O4810,P143,0
O4811,P406,1
O4812,P434,0
O4813,P498,0
O4814,P189,1
O4815,P361,1
O4816,P220,1
O4817,P299,1
O4818,P168,1
O4819,P469,0
O4820,P243,0
O4821,P436,0
O4822,P52,0
O4823,P359,0
O4824,P191,0
O4825,P379,0
O4826,P36,0
O4827,P129,0
O4828,P239,0
O4829,P203,0
O4830,P261,1
O4831,P271,0
O4832,P425,0
O4833,P63,0
O4834,P458,0
O4835,P173,0
O4836,P20,0
O4837,P328,0
O4838,P167,0
O4839,P105,0
O4840,P181,1
O4841,P260,1
O4842,P239,0
O4843,P166,0
O4844,P11,0
O4845,P421,0
O4846,P132,1
O4847,P162,0
O4848,P482,1
O4849,P455,0
O4850,P481,1
O4851,P451,0
O4852,P79,1
O4853,P451,0
O4854,P40,0
O4855,P269,0
O4856,P372,0
O4857,P264,1
O4858,P133,1
O4859,P327,1
O4860,P351,0
O4861,P196,1
O4862,P79,0
O4863,P241,0
O4864,P286,0
O4865,P13,0
O4866,P191,0
O4867,P112,0
O4868,P78,0
O4869,P311,1
O4870,P439,0
O4871,P209,0
O4872,P79,0
O4873,P207,0
O4874,P481,0
O4875,P386,0
O4876,P482,0
O4877,P498,0
O4878,P435,0
O4879,P482,1
O4880,P119,0
O4881,P140,0
O4882,P157,1
O4883,P245,0
O4884,P360,0
O4885,P337,1
O4886,P402,0
O4887,P297,0
O4888,P259,0
O4889,P296,0
O4890,P116,0
O4891,P330,0
O4892,P455,0
O4893,P235,0
O4894,P251,0
O4895,P15,0
O4896,P81,0
O4897,P332,0
O4898,P34,0
O4899,P229,1
O4900,P467,0
O4901,P423,0
O4902,P92,0
O4903,P389,0
O4904,P35,1
O4905,P308,0
O4906,P86,1
O4907,P129,0
O4908,P418,0
O4909,P30,0
O4910,P211,1
O4911,P347,0
O4912,P41,0
O4913,P17,0
O4914,P275,0
O4915,P61,1
O4916,P177,0
O4917,P329,0
O4918,P21,1
O4919,P249,0
O4920,P411,1
O4921,P136,0
O4922,P60,0
O4923,P183,1
O4924,P185,0
O4925,P260,0
O4926,P264,0
O4927,P262,0
O4928,P370,0
O4929,P294,1
O4930,P91,0
O4931,P158,0
O4932,P106,1
O4933,P386,0
O4934,P147,0
O4935,P177,0
O4936,P265,1
O4937,P499,0
O4938,P265,1
O4939,P49,1
O4940,P112,0
O4941,P129,0
O4942,P56,1
O4943,P146,0
O4944,P294,1
O4945,P171,1
O4946,P397,0
O4947,P171,0
O4948,P165,1
O4949,P318,1
O4950,P161,0
O4951,P363,0
O4952,P334,0
O4953,P17,0
O4954,P260,0
O4955,P163,0
O4956,P279,0
O4957,P464,0
O4958,P277,0
O4959,P241,0
O4960,P148,0
O4961,P218,0
O4962,P451,0
O4963,P217,0
O4964,P403,0
O4965,P198,0
O4966,P446,1
O4967,P183,0
O4968,P372,1
O4969,P18,0
O4970,P240,0
O4971,P252,1
O4972,P450,0
O4973,P499,0
O4974,P189,0
O4975,P205,0
O4976,P312,0
O4977,P206,0
O4978,P386,0
O4979,P352,0
O4980,P393,1
O4981,P299,0
O4982,P312,0
O4983,P375,1
O4984,P203,0
O4985,P434,0
O4986,P244,0
O4987,P75,0
O4988,P64,0
O4989,P330,1
O4990,P5,1
O4991,P257,0
O4992,P351,0
O4993,P325,0
O4994,P127,0
O4995,P304,1
O4996,P498,0
O4997,P104,0
O4998,P298,1
O4999,P274,0
